"sourceNode","targetNode"
"Callee(/Users/Alexi/Documents/Projects/ApproximateCallGraphAnalysis/ApproximateCallGraphBenchmarks/LiteScript/devel/test.js:<36,5>--<36,21>)","Fun(/Library/codeql-home/codeql/javascript/tools/data/externs/es/es3.js:<1117,12>--<1117,25>)"
"Callee(/Users/Alexi/Documents/Projects/ApproximateCallGraphAnalysis/ApproximateCallGraphBenchmarks/LiteScript/devel/test.js:<36,5>--<36,21>)","Fun(/Library/codeql-home/codeql/javascript/tools/data/externs/nodejs/globals.js:<1962,25>--<1962,60>)"
"Callee(/Users/Alexi/Documents/Projects/ApproximateCallGraphAnalysis/ApproximateCallGraphBenchmarks/LiteScript/devel/test.js:<36,5>--<36,21>)","Fun(/Library/codeql-home/codeql/javascript/tools/data/externs/nodejs/globals.js:<1968,25>--<1968,45>)"
"Callee(/Users/Alexi/Documents/Projects/ApproximateCallGraphAnalysis/ApproximateCallGraphBenchmarks/LiteScript/devel/test.js:<37,5>--<37,77>)","Fun(/Library/codeql-home/codeql/javascript/tools/data/externs/es/es3.js:<1117,12>--<1117,25>)"
"Callee(/Users/Alexi/Documents/Projects/ApproximateCallGraphAnalysis/ApproximateCallGraphBenchmarks/LiteScript/devel/test.js:<37,5>--<37,77>)","Fun(/Library/codeql-home/codeql/javascript/tools/data/externs/nodejs/globals.js:<1962,25>--<1962,60>)"
"Callee(/Users/Alexi/Documents/Projects/ApproximateCallGraphAnalysis/ApproximateCallGraphBenchmarks/LiteScript/devel/test.js:<37,5>--<37,77>)","Fun(/Library/codeql-home/codeql/javascript/tools/data/externs/nodejs/globals.js:<1968,25>--<1968,45>)"
"Callee(/Users/Alexi/Documents/Projects/ApproximateCallGraphAnalysis/ApproximateCallGraphBenchmarks/LiteScript/devel/test.js:<37,18>--<37,76>)","Fun(/Library/codeql-home/codeql/javascript/tools/data/externs/nodejs/path.js:<107,17>--<107,37>)"
"Callee(/Users/Alexi/Documents/Projects/ApproximateCallGraphAnalysis/ApproximateCallGraphBenchmarks/LiteScript/devel/test.js:<37,18>--<37,76>)","Fun(/Library/codeql-home/codeql/javascript/tools/data/externs/nodejs/path.js:<181,23>--<181,43>)"
"Callee(/Users/Alexi/Documents/Projects/ApproximateCallGraphAnalysis/ApproximateCallGraphBenchmarks/LiteScript/devel/test.js:<37,18>--<37,76>)","Fun(/Library/codeql-home/codeql/javascript/tools/data/externs/nodejs/path.js:<256,23>--<256,43>)"
"Callee(/Users/Alexi/Documents/Projects/ApproximateCallGraphAnalysis/ApproximateCallGraphBenchmarks/LiteScript/devel/test.js:<38,5>--<38,83>)","Fun(/Library/codeql-home/codeql/javascript/tools/data/externs/es/es3.js:<1117,12>--<1117,25>)"
"Callee(/Users/Alexi/Documents/Projects/ApproximateCallGraphAnalysis/ApproximateCallGraphBenchmarks/LiteScript/devel/test.js:<38,5>--<38,83>)","Fun(/Library/codeql-home/codeql/javascript/tools/data/externs/nodejs/globals.js:<1962,25>--<1962,60>)"
"Callee(/Users/Alexi/Documents/Projects/ApproximateCallGraphAnalysis/ApproximateCallGraphBenchmarks/LiteScript/devel/test.js:<38,5>--<38,83>)","Fun(/Library/codeql-home/codeql/javascript/tools/data/externs/nodejs/globals.js:<1968,25>--<1968,45>)"
"Callee(/Users/Alexi/Documents/Projects/ApproximateCallGraphAnalysis/ApproximateCallGraphBenchmarks/LiteScript/devel/test.js:<38,18>--<38,82>)","Fun(/Library/codeql-home/codeql/javascript/tools/data/externs/nodejs/path.js:<107,17>--<107,37>)"
"Callee(/Users/Alexi/Documents/Projects/ApproximateCallGraphAnalysis/ApproximateCallGraphBenchmarks/LiteScript/devel/test.js:<38,18>--<38,82>)","Fun(/Library/codeql-home/codeql/javascript/tools/data/externs/nodejs/path.js:<181,23>--<181,43>)"
"Callee(/Users/Alexi/Documents/Projects/ApproximateCallGraphAnalysis/ApproximateCallGraphBenchmarks/LiteScript/devel/test.js:<38,18>--<38,82>)","Fun(/Library/codeql-home/codeql/javascript/tools/data/externs/nodejs/path.js:<256,23>--<256,43>)"
"Callee(/Users/Alexi/Documents/Projects/ApproximateCallGraphAnalysis/ApproximateCallGraphBenchmarks/LiteScript/devel/test.js:<39,5>--<39,23>)","Fun(/Library/codeql-home/codeql/javascript/tools/data/externs/es/es3.js:<1117,12>--<1117,25>)"
"Callee(/Users/Alexi/Documents/Projects/ApproximateCallGraphAnalysis/ApproximateCallGraphBenchmarks/LiteScript/devel/test.js:<39,5>--<39,23>)","Fun(/Library/codeql-home/codeql/javascript/tools/data/externs/nodejs/globals.js:<1962,25>--<1962,60>)"
"Callee(/Users/Alexi/Documents/Projects/ApproximateCallGraphAnalysis/ApproximateCallGraphBenchmarks/LiteScript/devel/test.js:<39,5>--<39,23>)","Fun(/Library/codeql-home/codeql/javascript/tools/data/externs/nodejs/globals.js:<1968,25>--<1968,45>)"
"Callee(/Users/Alexi/Documents/Projects/ApproximateCallGraphAnalysis/ApproximateCallGraphBenchmarks/LiteScript/devel/test.js:<40,5>--<40,39>)","Fun(/Library/codeql-home/codeql/javascript/tools/data/externs/es/es3.js:<1117,12>--<1117,25>)"
"Callee(/Users/Alexi/Documents/Projects/ApproximateCallGraphAnalysis/ApproximateCallGraphBenchmarks/LiteScript/devel/test.js:<40,5>--<40,39>)","Fun(/Library/codeql-home/codeql/javascript/tools/data/externs/nodejs/globals.js:<1962,25>--<1962,60>)"
"Callee(/Users/Alexi/Documents/Projects/ApproximateCallGraphAnalysis/ApproximateCallGraphBenchmarks/LiteScript/devel/test.js:<40,5>--<40,39>)","Fun(/Library/codeql-home/codeql/javascript/tools/data/externs/nodejs/globals.js:<1968,25>--<1968,45>)"
"Callee(/Users/Alexi/Documents/Projects/ApproximateCallGraphAnalysis/ApproximateCallGraphBenchmarks/LiteScript/devel/test.js:<40,18>--<40,38>)","Fun(/Library/codeql-home/codeql/javascript/tools/data/externs/es/es6.js:<1122,19>--<1122,40>)"
"Callee(/Users/Alexi/Documents/Projects/ApproximateCallGraphAnalysis/ApproximateCallGraphBenchmarks/LiteScript/devel/test.js:<40,18>--<40,38>)","Fun(/Library/codeql-home/codeql/javascript/tools/data/externs/nodejs/globals.js:<207,33>--<207,47>)"
"Callee(/Users/Alexi/Documents/Projects/ApproximateCallGraphAnalysis/ApproximateCallGraphBenchmarks/LiteScript/devel/test.js:<40,18>--<40,38>)","Fun(/Library/codeql-home/codeql/javascript/tools/data/externs/nodejs/path.js:<94,16>--<94,40>)"
"Callee(/Users/Alexi/Documents/Projects/ApproximateCallGraphAnalysis/ApproximateCallGraphBenchmarks/LiteScript/devel/test.js:<40,18>--<40,38>)","Fun(/Library/codeql-home/codeql/javascript/tools/data/externs/nodejs/path.js:<168,22>--<168,46>)"
"Callee(/Users/Alexi/Documents/Projects/ApproximateCallGraphAnalysis/ApproximateCallGraphBenchmarks/LiteScript/devel/test.js:<40,18>--<40,38>)","Fun(/Library/codeql-home/codeql/javascript/tools/data/externs/nodejs/path.js:<243,22>--<243,46>)"
"Callee(/Users/Alexi/Documents/Projects/ApproximateCallGraphAnalysis/ApproximateCallGraphBenchmarks/LiteScript/devel/test.js:<41,5>--<41,71>)","Fun(/Library/codeql-home/codeql/javascript/tools/data/externs/es/es3.js:<1117,12>--<1117,25>)"
"Callee(/Users/Alexi/Documents/Projects/ApproximateCallGraphAnalysis/ApproximateCallGraphBenchmarks/LiteScript/devel/test.js:<41,5>--<41,71>)","Fun(/Library/codeql-home/codeql/javascript/tools/data/externs/nodejs/globals.js:<1962,25>--<1962,60>)"
"Callee(/Users/Alexi/Documents/Projects/ApproximateCallGraphAnalysis/ApproximateCallGraphBenchmarks/LiteScript/devel/test.js:<41,5>--<41,71>)","Fun(/Library/codeql-home/codeql/javascript/tools/data/externs/nodejs/globals.js:<1968,25>--<1968,45>)"
"Callee(/Users/Alexi/Documents/Projects/ApproximateCallGraphAnalysis/ApproximateCallGraphBenchmarks/LiteScript/devel/test.js:<41,18>--<41,70>)","Fun(/Library/codeql-home/codeql/javascript/tools/data/externs/es/es3.js:<1964,27>--<1964,56>)"
"Callee(/Users/Alexi/Documents/Projects/ApproximateCallGraphAnalysis/ApproximateCallGraphBenchmarks/LiteScript/devel/test.js:<41,18>--<41,60>)","Fun(/Library/codeql-home/codeql/javascript/tools/data/externs/es/es6.js:<1122,19>--<1122,40>)"
"Callee(/Users/Alexi/Documents/Projects/ApproximateCallGraphAnalysis/ApproximateCallGraphBenchmarks/LiteScript/devel/test.js:<41,18>--<41,60>)","Fun(/Library/codeql-home/codeql/javascript/tools/data/externs/nodejs/globals.js:<207,33>--<207,47>)"
"Callee(/Users/Alexi/Documents/Projects/ApproximateCallGraphAnalysis/ApproximateCallGraphBenchmarks/LiteScript/devel/test.js:<41,18>--<41,60>)","Fun(/Library/codeql-home/codeql/javascript/tools/data/externs/nodejs/path.js:<94,16>--<94,40>)"
"Callee(/Users/Alexi/Documents/Projects/ApproximateCallGraphAnalysis/ApproximateCallGraphBenchmarks/LiteScript/devel/test.js:<41,18>--<41,60>)","Fun(/Library/codeql-home/codeql/javascript/tools/data/externs/nodejs/path.js:<168,22>--<168,46>)"
"Callee(/Users/Alexi/Documents/Projects/ApproximateCallGraphAnalysis/ApproximateCallGraphBenchmarks/LiteScript/devel/test.js:<41,18>--<41,60>)","Fun(/Library/codeql-home/codeql/javascript/tools/data/externs/nodejs/path.js:<243,22>--<243,46>)"
"Callee(/Users/Alexi/Documents/Projects/ApproximateCallGraphAnalysis/ApproximateCallGraphBenchmarks/LiteScript/devel/test.js:<42,5>--<42,23>)","Fun(/Library/codeql-home/codeql/javascript/tools/data/externs/es/es3.js:<1117,12>--<1117,25>)"
"Callee(/Users/Alexi/Documents/Projects/ApproximateCallGraphAnalysis/ApproximateCallGraphBenchmarks/LiteScript/devel/test.js:<42,5>--<42,23>)","Fun(/Library/codeql-home/codeql/javascript/tools/data/externs/nodejs/globals.js:<1962,25>--<1962,60>)"
"Callee(/Users/Alexi/Documents/Projects/ApproximateCallGraphAnalysis/ApproximateCallGraphBenchmarks/LiteScript/devel/test.js:<42,5>--<42,23>)","Fun(/Library/codeql-home/codeql/javascript/tools/data/externs/nodejs/globals.js:<1968,25>--<1968,45>)"
"Callee(/Users/Alexi/Documents/Projects/ApproximateCallGraphAnalysis/ApproximateCallGraphBenchmarks/LiteScript/devel/test.js:<43,5>--<43,87>)","Fun(/Library/codeql-home/codeql/javascript/tools/data/externs/es/es3.js:<1117,12>--<1117,25>)"
"Callee(/Users/Alexi/Documents/Projects/ApproximateCallGraphAnalysis/ApproximateCallGraphBenchmarks/LiteScript/devel/test.js:<43,5>--<43,87>)","Fun(/Library/codeql-home/codeql/javascript/tools/data/externs/nodejs/globals.js:<1962,25>--<1962,60>)"
"Callee(/Users/Alexi/Documents/Projects/ApproximateCallGraphAnalysis/ApproximateCallGraphBenchmarks/LiteScript/devel/test.js:<43,5>--<43,87>)","Fun(/Library/codeql-home/codeql/javascript/tools/data/externs/nodejs/globals.js:<1968,25>--<1968,45>)"
"Callee(/Users/Alexi/Documents/Projects/ApproximateCallGraphAnalysis/ApproximateCallGraphBenchmarks/LiteScript/devel/test.js:<43,18>--<43,86>)","Fun(/Library/codeql-home/codeql/javascript/tools/data/externs/nodejs/path.js:<107,17>--<107,37>)"
"Callee(/Users/Alexi/Documents/Projects/ApproximateCallGraphAnalysis/ApproximateCallGraphBenchmarks/LiteScript/devel/test.js:<43,18>--<43,86>)","Fun(/Library/codeql-home/codeql/javascript/tools/data/externs/nodejs/path.js:<181,23>--<181,43>)"
"Callee(/Users/Alexi/Documents/Projects/ApproximateCallGraphAnalysis/ApproximateCallGraphBenchmarks/LiteScript/devel/test.js:<43,18>--<43,86>)","Fun(/Library/codeql-home/codeql/javascript/tools/data/externs/nodejs/path.js:<256,23>--<256,43>)"
"Callee(/Users/Alexi/Documents/Projects/ApproximateCallGraphAnalysis/ApproximateCallGraphBenchmarks/LiteScript/devel/test.js:<44,5>--<44,81>)","Fun(/Library/codeql-home/codeql/javascript/tools/data/externs/es/es3.js:<1117,12>--<1117,25>)"
"Callee(/Users/Alexi/Documents/Projects/ApproximateCallGraphAnalysis/ApproximateCallGraphBenchmarks/LiteScript/devel/test.js:<44,5>--<44,81>)","Fun(/Library/codeql-home/codeql/javascript/tools/data/externs/nodejs/globals.js:<1962,25>--<1962,60>)"
"Callee(/Users/Alexi/Documents/Projects/ApproximateCallGraphAnalysis/ApproximateCallGraphBenchmarks/LiteScript/devel/test.js:<44,5>--<44,81>)","Fun(/Library/codeql-home/codeql/javascript/tools/data/externs/nodejs/globals.js:<1968,25>--<1968,45>)"
"Callee(/Users/Alexi/Documents/Projects/ApproximateCallGraphAnalysis/ApproximateCallGraphBenchmarks/LiteScript/devel/test.js:<44,18>--<44,80>)","Fun(/Library/codeql-home/codeql/javascript/tools/data/externs/nodejs/path.js:<107,17>--<107,37>)"
"Callee(/Users/Alexi/Documents/Projects/ApproximateCallGraphAnalysis/ApproximateCallGraphBenchmarks/LiteScript/devel/test.js:<44,18>--<44,80>)","Fun(/Library/codeql-home/codeql/javascript/tools/data/externs/nodejs/path.js:<181,23>--<181,43>)"
"Callee(/Users/Alexi/Documents/Projects/ApproximateCallGraphAnalysis/ApproximateCallGraphBenchmarks/LiteScript/devel/test.js:<44,18>--<44,80>)","Fun(/Library/codeql-home/codeql/javascript/tools/data/externs/nodejs/path.js:<256,23>--<256,43>)"
"Callee(/Users/Alexi/Documents/Projects/ApproximateCallGraphAnalysis/ApproximateCallGraphBenchmarks/LiteScript/devel/test.js:<45,5>--<45,87>)","Fun(/Library/codeql-home/codeql/javascript/tools/data/externs/es/es3.js:<1117,12>--<1117,25>)"
"Callee(/Users/Alexi/Documents/Projects/ApproximateCallGraphAnalysis/ApproximateCallGraphBenchmarks/LiteScript/devel/test.js:<45,5>--<45,87>)","Fun(/Library/codeql-home/codeql/javascript/tools/data/externs/nodejs/globals.js:<1962,25>--<1962,60>)"
"Callee(/Users/Alexi/Documents/Projects/ApproximateCallGraphAnalysis/ApproximateCallGraphBenchmarks/LiteScript/devel/test.js:<45,5>--<45,87>)","Fun(/Library/codeql-home/codeql/javascript/tools/data/externs/nodejs/globals.js:<1968,25>--<1968,45>)"
"Callee(/Users/Alexi/Documents/Projects/ApproximateCallGraphAnalysis/ApproximateCallGraphBenchmarks/LiteScript/devel/test.js:<45,18>--<45,86>)","Fun(/Library/codeql-home/codeql/javascript/tools/data/externs/nodejs/path.js:<107,17>--<107,37>)"
"Callee(/Users/Alexi/Documents/Projects/ApproximateCallGraphAnalysis/ApproximateCallGraphBenchmarks/LiteScript/devel/test.js:<45,18>--<45,86>)","Fun(/Library/codeql-home/codeql/javascript/tools/data/externs/nodejs/path.js:<181,23>--<181,43>)"
"Callee(/Users/Alexi/Documents/Projects/ApproximateCallGraphAnalysis/ApproximateCallGraphBenchmarks/LiteScript/devel/test.js:<45,18>--<45,86>)","Fun(/Library/codeql-home/codeql/javascript/tools/data/externs/nodejs/path.js:<256,23>--<256,43>)"
"Callee(/Users/Alexi/Documents/Projects/ApproximateCallGraphAnalysis/ApproximateCallGraphBenchmarks/LiteScript/devel/util/fsUtil.js:<8,13>--<8,46>)","Fun(/Library/codeql-home/codeql/javascript/tools/data/externs/nodejs/fs.js:<57,31>--<57,43>)"
"Callee(/Users/Alexi/Documents/Projects/ApproximateCallGraphAnalysis/ApproximateCallGraphBenchmarks/LiteScript/devel/util/fsUtil.js:<8,13>--<8,32>)","Fun(/Library/codeql-home/codeql/javascript/tools/data/externs/nodejs/fs.js:<742,15>--<742,31>)"
"Callee(/Users/Alexi/Documents/Projects/ApproximateCallGraphAnalysis/ApproximateCallGraphBenchmarks/LiteScript/devel/util/fsUtil.js:<11,19>--<11,71>)","Fun(/Library/codeql-home/codeql/javascript/tools/data/externs/es/es3.js:<2222,1>--<2222,50>)"
"Callee(/Users/Alexi/Documents/Projects/ApproximateCallGraphAnalysis/ApproximateCallGraphBenchmarks/LiteScript/devel/util/fsUtil.js:<11,19>--<11,71>)","Fun(/Library/codeql-home/codeql/javascript/tools/data/externs/nodejs/globals.js:<45,1>--<45,19>)"
"Callee(/Users/Alexi/Documents/Projects/ApproximateCallGraphAnalysis/ApproximateCallGraphBenchmarks/LiteScript/devel/util/fsUtil.js:<22,13>--<22,30>)","Fun(/Users/Alexi/Documents/Projects/ApproximateCallGraphAnalysis/ApproximateCallGraphBenchmarks/LiteScript/devel/util/fsUtil.js:<6,5>--<18,5>)"
"Callee(/Users/Alexi/Documents/Projects/ApproximateCallGraphAnalysis/ApproximateCallGraphBenchmarks/LiteScript/devel/util/fsUtil.js:<26,13>--<26,47>)","Fun(/Users/Alexi/Documents/Projects/ApproximateCallGraphAnalysis/ApproximateCallGraphBenchmarks/LiteScript/devel/util/fsUtil.js:<21,5>--<31,5>)"
"Callee(/Users/Alexi/Documents/Projects/ApproximateCallGraphAnalysis/ApproximateCallGraphBenchmarks/LiteScript/devel/util/fsUtil.js:<26,20>--<26,40>)","Fun(/Library/codeql-home/codeql/javascript/tools/data/externs/nodejs/path.js:<113,16>--<113,29>)"
"Callee(/Users/Alexi/Documents/Projects/ApproximateCallGraphAnalysis/ApproximateCallGraphBenchmarks/LiteScript/devel/util/fsUtil.js:<26,20>--<26,40>)","Fun(/Library/codeql-home/codeql/javascript/tools/data/externs/nodejs/path.js:<187,22>--<187,35>)"
"Callee(/Users/Alexi/Documents/Projects/ApproximateCallGraphAnalysis/ApproximateCallGraphBenchmarks/LiteScript/devel/util/fsUtil.js:<26,20>--<26,40>)","Fun(/Library/codeql-home/codeql/javascript/tools/data/externs/nodejs/path.js:<262,22>--<262,35>)"
"Callee(/Users/Alexi/Documents/Projects/ApproximateCallGraphAnalysis/ApproximateCallGraphBenchmarks/LiteScript/devel/util/fsUtil.js:<28,13>--<28,39>)","Fun(/Library/codeql-home/codeql/javascript/tools/data/externs/nodejs/fs.js:<877,16>--<877,38>)"
"Callee(/Users/Alexi/Documents/Projects/ApproximateCallGraphAnalysis/ApproximateCallGraphBenchmarks/LiteScript/devel/util/fsUtil.js:<28,13>--<28,39>)","Fun(/Library/codeql-home/codeql/javascript/tools/data/externs/nodejs/fs.js:<884,16>--<884,38>)"
"Callee(/Users/Alexi/Documents/Projects/ApproximateCallGraphAnalysis/ApproximateCallGraphBenchmarks/LiteScript/devel/util/fsUtil.js:<36,7>--<36,42>)","Fun(/Users/Alexi/Documents/Projects/ApproximateCallGraphAnalysis/ApproximateCallGraphBenchmarks/LiteScript/devel/util/fsUtil.js:<21,5>--<31,5>)"
"Callee(/Users/Alexi/Documents/Projects/ApproximateCallGraphAnalysis/ApproximateCallGraphBenchmarks/LiteScript/devel/util/fsUtil.js:<36,14>--<36,35>)","Fun(/Library/codeql-home/codeql/javascript/tools/data/externs/nodejs/path.js:<113,16>--<113,29>)"
"Callee(/Users/Alexi/Documents/Projects/ApproximateCallGraphAnalysis/ApproximateCallGraphBenchmarks/LiteScript/devel/util/fsUtil.js:<36,14>--<36,35>)","Fun(/Library/codeql-home/codeql/javascript/tools/data/externs/nodejs/path.js:<187,22>--<187,35>)"
"Callee(/Users/Alexi/Documents/Projects/ApproximateCallGraphAnalysis/ApproximateCallGraphBenchmarks/LiteScript/devel/util/fsUtil.js:<36,14>--<36,35>)","Fun(/Library/codeql-home/codeql/javascript/tools/data/externs/nodejs/path.js:<262,22>--<262,35>)"
"Callee(/Users/Alexi/Documents/Projects/ApproximateCallGraphAnalysis/ApproximateCallGraphBenchmarks/LiteScript/devel/util/test.js:<19,18>--<19,30>)","Fun(/Library/codeql-home/codeql/javascript/tools/data/externs/es/es3.js:<658,25>--<658,55>)"
"Callee(/Users/Alexi/Documents/Projects/ApproximateCallGraphAnalysis/ApproximateCallGraphBenchmarks/LiteScript/devel/util/test.js:<19,18>--<19,30>)","Fun(/Library/codeql-home/codeql/javascript/tools/data/externs/es/es3.js:<1921,26>--<1921,52>)"
"Callee(/Users/Alexi/Documents/Projects/ApproximateCallGraphAnalysis/ApproximateCallGraphBenchmarks/LiteScript/devel/util/test.js:<19,18>--<19,30>)","Fun(/Library/codeql-home/codeql/javascript/tools/data/externs/es/es6.js:<307,31>--<307,57>)"
"Callee(/Users/Alexi/Documents/Projects/ApproximateCallGraphAnalysis/ApproximateCallGraphBenchmarks/LiteScript/devel/util/test.js:<19,18>--<19,30>)","Fun(/Library/codeql-home/codeql/javascript/tools/data/externs/es/es6.js:<527,30>--<527,60>)"
"Callee(/Users/Alexi/Documents/Projects/ApproximateCallGraphAnalysis/ApproximateCallGraphBenchmarks/LiteScript/devel/util/test.js:<19,18>--<19,30>)","Fun(/Library/codeql-home/codeql/javascript/tools/data/externs/nodejs/globals.js:<1514,30>--<1514,52>)"
"Callee(/Users/Alexi/Documents/Projects/ApproximateCallGraphAnalysis/ApproximateCallGraphBenchmarks/LiteScript/devel/util/test.js:<30,17>--<30,43>)","Fun(/Users/Alexi/Documents/Projects/ApproximateCallGraphAnalysis/ApproximateCallGraphBenchmarks/LiteScript/devel/util/test.js:<53,29>--<55,5>)"
"Callee(/Users/Alexi/Documents/Projects/ApproximateCallGraphAnalysis/ApproximateCallGraphBenchmarks/LiteScript/devel/util/test.js:<31,12>--<31,30>)","Fun(/Library/codeql-home/codeql/javascript/tools/data/externs/es/es3.js:<689,26>--<689,70>)"
"Callee(/Users/Alexi/Documents/Projects/ApproximateCallGraphAnalysis/ApproximateCallGraphBenchmarks/LiteScript/devel/util/test.js:<43,17>--<43,43>)","Fun(/Users/Alexi/Documents/Projects/ApproximateCallGraphAnalysis/ApproximateCallGraphBenchmarks/LiteScript/devel/util/test.js:<53,29>--<55,5>)"
"Callee(/Users/Alexi/Documents/Projects/ApproximateCallGraphAnalysis/ApproximateCallGraphBenchmarks/LiteScript/devel/util/test.js:<45,12>--<45,30>)","Fun(/Library/codeql-home/codeql/javascript/tools/data/externs/es/es3.js:<689,26>--<689,70>)"
"Callee(/Users/Alexi/Documents/Projects/ApproximateCallGraphAnalysis/ApproximateCallGraphBenchmarks/LiteScript/devel/util/test.js:<54,15>--<54,85>)","Fun(/Library/codeql-home/codeql/javascript/tools/data/externs/es/es3.js:<1911,27>--<1911,45>)"
"Callee(/Users/Alexi/Documents/Projects/ApproximateCallGraphAnalysis/ApproximateCallGraphBenchmarks/LiteScript/devel/util/test.js:<54,15>--<54,85>)","Fun(/Users/Alexi/Documents/Projects/ApproximateCallGraphAnalysis/ApproximateCallGraphBenchmarks/LiteScript/devel/util/test.js:<58,29>--<65,5>)"
"Callee(/Users/Alexi/Documents/Projects/ApproximateCallGraphAnalysis/ApproximateCallGraphBenchmarks/LiteScript/devel/util/test.js:<61,25>--<61,42>)","Fun(/Library/codeql-home/codeql/javascript/tools/data/externs/es/es3.js:<788,27>--<788,57>)"
"Callee(/Users/Alexi/Documents/Projects/ApproximateCallGraphAnalysis/ApproximateCallGraphBenchmarks/LiteScript/devel/util/test.js:<61,25>--<61,42>)","Fun(/Library/codeql-home/codeql/javascript/tools/data/externs/es/es3.js:<879,17>--<879,52>)"
"Callee(/Users/Alexi/Documents/Projects/ApproximateCallGraphAnalysis/ApproximateCallGraphBenchmarks/LiteScript/devel/util/test.js:<61,25>--<61,42>)","Fun(/Library/codeql-home/codeql/javascript/tools/data/externs/es/es3.js:<1818,28>--<1818,66>)"
"Callee(/Users/Alexi/Documents/Projects/ApproximateCallGraphAnalysis/ApproximateCallGraphBenchmarks/LiteScript/devel/util/test.js:<61,25>--<61,42>)","Fun(/Library/codeql-home/codeql/javascript/tools/data/externs/es/es6.js:<442,32>--<442,72>)"
"Callee(/Users/Alexi/Documents/Projects/ApproximateCallGraphAnalysis/ApproximateCallGraphBenchmarks/LiteScript/devel/util/test.js:<61,25>--<61,42>)","Fun(/Library/codeql-home/codeql/javascript/tools/data/externs/nodejs/globals.js:<1823,32>--<1823,71>)"
"Callee(/Users/Alexi/Documents/Projects/ApproximateCallGraphAnalysis/ApproximateCallGraphBenchmarks/LiteScript/devel/util/test.js:<82,14>--<82,42>)","Fun(/Library/codeql-home/codeql/javascript/tools/data/externs/es/es3.js:<498,27>--<498,47>)"
"Callee(/Users/Alexi/Documents/Projects/ApproximateCallGraphAnalysis/ApproximateCallGraphBenchmarks/LiteScript/devel/util/test.js:<102,31>--<102,57>)","Fun(/Library/codeql-home/codeql/javascript/tools/data/externs/nodejs/globals.js:<1936,27>--<1936,62>)"
"Callee(/Users/Alexi/Documents/Projects/ApproximateCallGraphAnalysis/ApproximateCallGraphBenchmarks/LiteScript/devel/util/test.js:<102,31>--<102,57>)","Fun(/Library/codeql-home/codeql/javascript/tools/data/externs/nodejs/globals.js:<1942,27>--<1942,47>)"
"Callee(/Users/Alexi/Documents/Projects/ApproximateCallGraphAnalysis/ApproximateCallGraphBenchmarks/LiteScript/devel/util/test.js:<104,14>--<104,46>)","Fun(/Library/codeql-home/codeql/javascript/tools/data/externs/es/es3.js:<1900,28>--<1900,61>)"
"Callee(/Users/Alexi/Documents/Projects/ApproximateCallGraphAnalysis/ApproximateCallGraphBenchmarks/LiteScript/devel/util/test.js:<119,28>--<119,63>)","Fun(/Library/codeql-home/codeql/javascript/tools/data/externs/nodejs/globals.js:<1936,27>--<1936,62>)"
"Callee(/Users/Alexi/Documents/Projects/ApproximateCallGraphAnalysis/ApproximateCallGraphBenchmarks/LiteScript/devel/util/test.js:<119,28>--<119,63>)","Fun(/Library/codeql-home/codeql/javascript/tools/data/externs/nodejs/globals.js:<1942,27>--<1942,47>)"
"Callee(/Users/Alexi/Documents/Projects/ApproximateCallGraphAnalysis/ApproximateCallGraphBenchmarks/LiteScript/devel/util/test.js:<125,17>--<125,41>)","Fun(/Library/codeql-home/codeql/javascript/tools/data/externs/nodejs/fs.js:<1155,19>--<1155,49>)"
"Callee(/Users/Alexi/Documents/Projects/ApproximateCallGraphAnalysis/ApproximateCallGraphBenchmarks/LiteScript/devel/util/test.js:<125,17>--<125,41>)","Fun(/Library/codeql-home/codeql/javascript/tools/data/externs/nodejs/fs.js:<1162,19>--<1162,48>)"
"Callee(/Users/Alexi/Documents/Projects/ApproximateCallGraphAnalysis/ApproximateCallGraphBenchmarks/LiteScript/devel/util/test.js:<125,17>--<125,41>)","Fun(/Library/codeql-home/codeql/javascript/tools/data/externs/nodejs/fs.js:<1169,19>--<1169,48>)"
"Callee(/Users/Alexi/Documents/Projects/ApproximateCallGraphAnalysis/ApproximateCallGraphBenchmarks/LiteScript/devel/util/test.js:<126,19>--<126,72>)","Fun(/Library/codeql-home/codeql/javascript/tools/data/externs/es/es3.js:<2064,28>--<2064,58>)"
"Callee(/Users/Alexi/Documents/Projects/ApproximateCallGraphAnalysis/ApproximateCallGraphBenchmarks/LiteScript/devel/util/test.js:<127,3>--<127,37>)","Fun(/Library/codeql-home/codeql/javascript/tools/data/externs/es/es3.js:<619,24>--<619,44>)"
"Callee(/Users/Alexi/Documents/Projects/ApproximateCallGraphAnalysis/ApproximateCallGraphBenchmarks/LiteScript/devel/util/test.js:<129,9>--<129,54>)","Fun(/Library/codeql-home/codeql/javascript/tools/data/externs/nodejs/globals.js:<1936,27>--<1936,62>)"
"Callee(/Users/Alexi/Documents/Projects/ApproximateCallGraphAnalysis/ApproximateCallGraphBenchmarks/LiteScript/devel/util/test.js:<129,9>--<129,54>)","Fun(/Library/codeql-home/codeql/javascript/tools/data/externs/nodejs/globals.js:<1942,27>--<1942,47>)"
"Callee(/Users/Alexi/Documents/Projects/ApproximateCallGraphAnalysis/ApproximateCallGraphBenchmarks/LiteScript/devel/util/test.js:<130,3>--<130,34>)","Fun(/Library/codeql-home/codeql/javascript/tools/data/externs/nodejs/globals.js:<1936,27>--<1936,62>)"
"Callee(/Users/Alexi/Documents/Projects/ApproximateCallGraphAnalysis/ApproximateCallGraphBenchmarks/LiteScript/devel/util/test.js:<130,3>--<130,34>)","Fun(/Library/codeql-home/codeql/javascript/tools/data/externs/nodejs/globals.js:<1942,27>--<1942,47>)"
"Callee(/Users/Alexi/Documents/Projects/ApproximateCallGraphAnalysis/ApproximateCallGraphBenchmarks/LiteScript/devel/util/test.js:<131,21>--<131,42>)","Fun(/Library/codeql-home/codeql/javascript/tools/data/externs/nodejs/globals.js:<1936,27>--<1936,62>)"
"Callee(/Users/Alexi/Documents/Projects/ApproximateCallGraphAnalysis/ApproximateCallGraphBenchmarks/LiteScript/devel/util/test.js:<131,21>--<131,42>)","Fun(/Library/codeql-home/codeql/javascript/tools/data/externs/nodejs/globals.js:<1942,27>--<1942,47>)"
"Callee(/Users/Alexi/Documents/Projects/ApproximateCallGraphAnalysis/ApproximateCallGraphBenchmarks/LiteScript/devel/util/test.js:<136,3>--<136,30>)","Fun(/Users/Alexi/Documents/Projects/ApproximateCallGraphAnalysis/ApproximateCallGraphBenchmarks/LiteScript/devel/util/fsUtil.js:<35,5>--<37,5>)"
"Callee(/Users/Alexi/Documents/Projects/ApproximateCallGraphAnalysis/ApproximateCallGraphBenchmarks/LiteScript/devel/util/test.js:<137,3>--<137,52>)","Fun(/Library/codeql-home/codeql/javascript/tools/data/externs/nodejs/fs.js:<1203,20>--<1203,55>)"
"Callee(/Users/Alexi/Documents/Projects/ApproximateCallGraphAnalysis/ApproximateCallGraphBenchmarks/LiteScript/devel/util/test.js:<137,3>--<137,52>)","Fun(/Library/codeql-home/codeql/javascript/tools/data/externs/nodejs/fs.js:<1211,20>--<1211,55>)"
"Callee(/Users/Alexi/Documents/Projects/ApproximateCallGraphAnalysis/ApproximateCallGraphBenchmarks/LiteScript/devel/util/test.js:<137,28>--<137,51>)","Fun(/Library/codeql-home/codeql/javascript/tools/data/externs/es/es3.js:<595,24>--<595,49>)"
"Callee(/Users/Alexi/Documents/Projects/ApproximateCallGraphAnalysis/ApproximateCallGraphBenchmarks/LiteScript/devel/util/test.js:<137,28>--<137,51>)","Fun(/Library/codeql-home/codeql/javascript/tools/data/externs/es/es6.js:<450,29>--<450,54>)"
"Callee(/Users/Alexi/Documents/Projects/ApproximateCallGraphAnalysis/ApproximateCallGraphBenchmarks/LiteScript/devel/util/test.js:<137,28>--<137,51>)","Fun(/Library/codeql-home/codeql/javascript/tools/data/externs/nodejs/path.js:<82,13>--<82,30>)"
"Callee(/Users/Alexi/Documents/Projects/ApproximateCallGraphAnalysis/ApproximateCallGraphBenchmarks/LiteScript/devel/util/test.js:<137,28>--<137,51>)","Fun(/Library/codeql-home/codeql/javascript/tools/data/externs/nodejs/path.js:<88,13>--<88,30>)"
"Callee(/Users/Alexi/Documents/Projects/ApproximateCallGraphAnalysis/ApproximateCallGraphBenchmarks/LiteScript/devel/util/test.js:<137,28>--<137,51>)","Fun(/Library/codeql-home/codeql/javascript/tools/data/externs/nodejs/path.js:<162,19>--<162,36>)"
"Callee(/Users/Alexi/Documents/Projects/ApproximateCallGraphAnalysis/ApproximateCallGraphBenchmarks/LiteScript/devel/util/test.js:<137,28>--<137,51>)","Fun(/Library/codeql-home/codeql/javascript/tools/data/externs/nodejs/path.js:<237,19>--<237,36>)"
"Callee(/Users/Alexi/Documents/Projects/ApproximateCallGraphAnalysis/ApproximateCallGraphBenchmarks/LiteScript/devel/util/test.js:<141,15>--<141,52>)","Fun(/Library/codeql-home/codeql/javascript/tools/data/externs/es/es3.js:<491,1>--<491,30>)"
"Callee(/Users/Alexi/Documents/Projects/ApproximateCallGraphAnalysis/ApproximateCallGraphBenchmarks/LiteScript/devel/util/test.js:<141,28>--<141,51>)","Fun(/Library/codeql-home/codeql/javascript/tools/data/externs/es/es3.js:<595,24>--<595,49>)"
"Callee(/Users/Alexi/Documents/Projects/ApproximateCallGraphAnalysis/ApproximateCallGraphBenchmarks/LiteScript/devel/util/test.js:<141,28>--<141,51>)","Fun(/Library/codeql-home/codeql/javascript/tools/data/externs/es/es6.js:<450,29>--<450,54>)"
"Callee(/Users/Alexi/Documents/Projects/ApproximateCallGraphAnalysis/ApproximateCallGraphBenchmarks/LiteScript/devel/util/test.js:<141,28>--<141,51>)","Fun(/Library/codeql-home/codeql/javascript/tools/data/externs/nodejs/path.js:<82,13>--<82,30>)"
"Callee(/Users/Alexi/Documents/Projects/ApproximateCallGraphAnalysis/ApproximateCallGraphBenchmarks/LiteScript/devel/util/test.js:<141,28>--<141,51>)","Fun(/Library/codeql-home/codeql/javascript/tools/data/externs/nodejs/path.js:<88,13>--<88,30>)"
"Callee(/Users/Alexi/Documents/Projects/ApproximateCallGraphAnalysis/ApproximateCallGraphBenchmarks/LiteScript/devel/util/test.js:<141,28>--<141,51>)","Fun(/Library/codeql-home/codeql/javascript/tools/data/externs/nodejs/path.js:<162,19>--<162,36>)"
"Callee(/Users/Alexi/Documents/Projects/ApproximateCallGraphAnalysis/ApproximateCallGraphBenchmarks/LiteScript/devel/util/test.js:<141,28>--<141,51>)","Fun(/Library/codeql-home/codeql/javascript/tools/data/externs/nodejs/path.js:<237,19>--<237,36>)"
"Callee(/Users/Alexi/Documents/Projects/ApproximateCallGraphAnalysis/ApproximateCallGraphBenchmarks/LiteScript/devel/util/test.js:<142,14>--<142,21>)","Fun(/Library/codeql-home/codeql/javascript/tools/data/externs/es/es3.js:<491,1>--<491,30>)"
"Callee(/Users/Alexi/Documents/Projects/ApproximateCallGraphAnalysis/ApproximateCallGraphBenchmarks/LiteScript/devel/util/test.js:<144,6>--<144,22>)","Fun(/Users/Alexi/Documents/Projects/ApproximateCallGraphAnalysis/ApproximateCallGraphBenchmarks/LiteScript/devel/util/test.js:<68,2>--<86,2>)"
"Callee(/Users/Alexi/Documents/Projects/ApproximateCallGraphAnalysis/ApproximateCallGraphBenchmarks/LiteScript/devel/util/test.js:<145,3>--<145,71>)","Fun(/Library/codeql-home/codeql/javascript/tools/data/externs/nodejs/globals.js:<1936,27>--<1936,62>)"
"Callee(/Users/Alexi/Documents/Projects/ApproximateCallGraphAnalysis/ApproximateCallGraphBenchmarks/LiteScript/devel/util/test.js:<145,3>--<145,71>)","Fun(/Library/codeql-home/codeql/javascript/tools/data/externs/nodejs/globals.js:<1942,27>--<1942,47>)"
"Callee(/Users/Alexi/Documents/Projects/ApproximateCallGraphAnalysis/ApproximateCallGraphBenchmarks/LiteScript/devel/util/test.js:<166,4>--<166,47>)","Fun(/Library/codeql-home/codeql/javascript/tools/data/externs/nodejs/globals.js:<1936,27>--<1936,62>)"
"Callee(/Users/Alexi/Documents/Projects/ApproximateCallGraphAnalysis/ApproximateCallGraphBenchmarks/LiteScript/devel/util/test.js:<166,4>--<166,47>)","Fun(/Library/codeql-home/codeql/javascript/tools/data/externs/nodejs/globals.js:<1942,27>--<1942,47>)"
"Callee(/Users/Alexi/Documents/Projects/ApproximateCallGraphAnalysis/ApproximateCallGraphBenchmarks/LiteScript/devel/util/test.js:<167,4>--<167,42>)","Fun(/Library/codeql-home/codeql/javascript/tools/data/externs/nodejs/globals.js:<1936,27>--<1936,62>)"
"Callee(/Users/Alexi/Documents/Projects/ApproximateCallGraphAnalysis/ApproximateCallGraphBenchmarks/LiteScript/devel/util/test.js:<167,4>--<167,42>)","Fun(/Library/codeql-home/codeql/javascript/tools/data/externs/nodejs/globals.js:<1942,27>--<1942,47>)"
"Callee(/Users/Alexi/Documents/Projects/ApproximateCallGraphAnalysis/ApproximateCallGraphBenchmarks/LiteScript/devel/util/test.js:<168,4>--<168,40>)","Fun(/Library/codeql-home/codeql/javascript/tools/data/externs/nodejs/globals.js:<1936,27>--<1936,62>)"
"Callee(/Users/Alexi/Documents/Projects/ApproximateCallGraphAnalysis/ApproximateCallGraphBenchmarks/LiteScript/devel/util/test.js:<168,4>--<168,40>)","Fun(/Library/codeql-home/codeql/javascript/tools/data/externs/nodejs/globals.js:<1942,27>--<1942,47>)"
"Callee(/Users/Alexi/Documents/Projects/ApproximateCallGraphAnalysis/ApproximateCallGraphBenchmarks/LiteScript/devel/util/test.js:<185,20>--<185,41>)","Fun(/Library/codeql-home/codeql/javascript/tools/data/externs/es/es5.js:<255,18>--<255,62>)"
"Callee(/Users/Alexi/Documents/Projects/ApproximateCallGraphAnalysis/ApproximateCallGraphBenchmarks/LiteScript/devel/util/test.js:<187,20>--<187,36>)","Fun(/Library/codeql-home/codeql/javascript/tools/data/externs/es/es3.js:<455,29>--<455,41>)"
"Callee(/Users/Alexi/Documents/Projects/ApproximateCallGraphAnalysis/ApproximateCallGraphBenchmarks/LiteScript/devel/util/test.js:<187,20>--<187,36>)","Fun(/Library/codeql-home/codeql/javascript/tools/data/externs/es/es3.js:<549,31>--<549,43>)"
"Callee(/Users/Alexi/Documents/Projects/ApproximateCallGraphAnalysis/ApproximateCallGraphBenchmarks/LiteScript/devel/util/test.js:<187,20>--<187,36>)","Fun(/Library/codeql-home/codeql/javascript/tools/data/externs/es/es3.js:<705,28>--<705,40>)"
"Callee(/Users/Alexi/Documents/Projects/ApproximateCallGraphAnalysis/ApproximateCallGraphBenchmarks/LiteScript/devel/util/test.js:<187,20>--<187,36>)","Fun(/Library/codeql-home/codeql/javascript/tools/data/externs/es/es3.js:<943,30>--<943,42>)"
"Callee(/Users/Alexi/Documents/Projects/ApproximateCallGraphAnalysis/ApproximateCallGraphBenchmarks/LiteScript/devel/util/test.js:<187,20>--<187,36>)","Fun(/Library/codeql-home/codeql/javascript/tools/data/externs/es/es3.js:<998,29>--<998,50>)"
"Callee(/Users/Alexi/Documents/Projects/ApproximateCallGraphAnalysis/ApproximateCallGraphBenchmarks/LiteScript/devel/util/test.js:<187,20>--<187,36>)","Fun(/Library/codeql-home/codeql/javascript/tools/data/externs/es/es3.js:<1688,27>--<1688,39>)"
"Callee(/Users/Alexi/Documents/Projects/ApproximateCallGraphAnalysis/ApproximateCallGraphBenchmarks/LiteScript/devel/util/test.js:<187,20>--<187,36>)","Fun(/Library/codeql-home/codeql/javascript/tools/data/externs/es/es3.js:<2030,29>--<2030,41>)"
"Callee(/Users/Alexi/Documents/Projects/ApproximateCallGraphAnalysis/ApproximateCallGraphBenchmarks/LiteScript/devel/util/test.js:<187,20>--<187,36>)","Fun(/Library/codeql-home/codeql/javascript/tools/data/externs/es/es3.js:<2089,29>--<2089,41>)"
"Callee(/Users/Alexi/Documents/Projects/ApproximateCallGraphAnalysis/ApproximateCallGraphBenchmarks/LiteScript/devel/util/test.js:<187,20>--<187,36>)","Fun(/Library/codeql-home/codeql/javascript/tools/data/externs/es/es6.js:<579,33>--<579,45>)"
"Callee(/Users/Alexi/Documents/Projects/ApproximateCallGraphAnalysis/ApproximateCallGraphBenchmarks/LiteScript/devel/util/test.js:<187,20>--<187,36>)","Fun(/Library/codeql-home/codeql/javascript/tools/data/externs/nodejs/globals.js:<1477,33>--<1477,65>)"
"Callee(/Users/Alexi/Documents/Projects/ApproximateCallGraphAnalysis/ApproximateCallGraphBenchmarks/LiteScript/devel/util/test.js:<191,22>--<191,45>)","Fun(/Library/codeql-home/codeql/javascript/tools/data/externs/es/es5.js:<255,18>--<255,62>)"
"Callee(/Users/Alexi/Documents/Projects/ApproximateCallGraphAnalysis/ApproximateCallGraphBenchmarks/LiteScript/devel/util/test.js:<193,22>--<193,40>)","Fun(/Library/codeql-home/codeql/javascript/tools/data/externs/es/es3.js:<455,29>--<455,41>)"
"Callee(/Users/Alexi/Documents/Projects/ApproximateCallGraphAnalysis/ApproximateCallGraphBenchmarks/LiteScript/devel/util/test.js:<193,22>--<193,40>)","Fun(/Library/codeql-home/codeql/javascript/tools/data/externs/es/es3.js:<549,31>--<549,43>)"
"Callee(/Users/Alexi/Documents/Projects/ApproximateCallGraphAnalysis/ApproximateCallGraphBenchmarks/LiteScript/devel/util/test.js:<193,22>--<193,40>)","Fun(/Library/codeql-home/codeql/javascript/tools/data/externs/es/es3.js:<705,28>--<705,40>)"
"Callee(/Users/Alexi/Documents/Projects/ApproximateCallGraphAnalysis/ApproximateCallGraphBenchmarks/LiteScript/devel/util/test.js:<193,22>--<193,40>)","Fun(/Library/codeql-home/codeql/javascript/tools/data/externs/es/es3.js:<943,30>--<943,42>)"
"Callee(/Users/Alexi/Documents/Projects/ApproximateCallGraphAnalysis/ApproximateCallGraphBenchmarks/LiteScript/devel/util/test.js:<193,22>--<193,40>)","Fun(/Library/codeql-home/codeql/javascript/tools/data/externs/es/es3.js:<998,29>--<998,50>)"
"Callee(/Users/Alexi/Documents/Projects/ApproximateCallGraphAnalysis/ApproximateCallGraphBenchmarks/LiteScript/devel/util/test.js:<193,22>--<193,40>)","Fun(/Library/codeql-home/codeql/javascript/tools/data/externs/es/es3.js:<1688,27>--<1688,39>)"
"Callee(/Users/Alexi/Documents/Projects/ApproximateCallGraphAnalysis/ApproximateCallGraphBenchmarks/LiteScript/devel/util/test.js:<193,22>--<193,40>)","Fun(/Library/codeql-home/codeql/javascript/tools/data/externs/es/es3.js:<2030,29>--<2030,41>)"
"Callee(/Users/Alexi/Documents/Projects/ApproximateCallGraphAnalysis/ApproximateCallGraphBenchmarks/LiteScript/devel/util/test.js:<193,22>--<193,40>)","Fun(/Library/codeql-home/codeql/javascript/tools/data/externs/es/es3.js:<2089,29>--<2089,41>)"
"Callee(/Users/Alexi/Documents/Projects/ApproximateCallGraphAnalysis/ApproximateCallGraphBenchmarks/LiteScript/devel/util/test.js:<193,22>--<193,40>)","Fun(/Library/codeql-home/codeql/javascript/tools/data/externs/es/es6.js:<579,33>--<579,45>)"
"Callee(/Users/Alexi/Documents/Projects/ApproximateCallGraphAnalysis/ApproximateCallGraphBenchmarks/LiteScript/devel/util/test.js:<193,22>--<193,40>)","Fun(/Library/codeql-home/codeql/javascript/tools/data/externs/nodejs/globals.js:<1477,33>--<1477,65>)"
"Callee(/Users/Alexi/Documents/Projects/ApproximateCallGraphAnalysis/ApproximateCallGraphBenchmarks/LiteScript/devel/util/test.js:<199,17>--<199,60>)","Fun(/Library/codeql-home/codeql/javascript/tools/data/externs/nodejs/globals.js:<1936,27>--<1936,62>)"
"Callee(/Users/Alexi/Documents/Projects/ApproximateCallGraphAnalysis/ApproximateCallGraphBenchmarks/LiteScript/devel/util/test.js:<199,17>--<199,60>)","Fun(/Library/codeql-home/codeql/javascript/tools/data/externs/nodejs/globals.js:<1942,27>--<1942,47>)"
"Callee(/Users/Alexi/Documents/Projects/ApproximateCallGraphAnalysis/ApproximateCallGraphBenchmarks/LiteScript/devel/util/test.js:<200,17>--<200,68>)","Fun(/Library/codeql-home/codeql/javascript/tools/data/externs/nodejs/globals.js:<1936,27>--<1936,62>)"
"Callee(/Users/Alexi/Documents/Projects/ApproximateCallGraphAnalysis/ApproximateCallGraphBenchmarks/LiteScript/devel/util/test.js:<200,17>--<200,68>)","Fun(/Library/codeql-home/codeql/javascript/tools/data/externs/nodejs/globals.js:<1942,27>--<1942,47>)"
"Callee(/Users/Alexi/Documents/Projects/ApproximateCallGraphAnalysis/ApproximateCallGraphBenchmarks/LiteScript/devel/util/test.js:<203,43>--<203,94>)","Fun(/Library/codeql-home/codeql/javascript/tools/data/externs/nodejs/globals.js:<1936,27>--<1936,62>)"
"Callee(/Users/Alexi/Documents/Projects/ApproximateCallGraphAnalysis/ApproximateCallGraphBenchmarks/LiteScript/devel/util/test.js:<203,43>--<203,94>)","Fun(/Library/codeql-home/codeql/javascript/tools/data/externs/nodejs/globals.js:<1942,27>--<1942,47>)"
"Callee(/Users/Alexi/Documents/Projects/ApproximateCallGraphAnalysis/ApproximateCallGraphBenchmarks/LiteScript/devel/util/test.js:<209,6>--<209,60>)","Fun(/Library/codeql-home/codeql/javascript/tools/data/externs/nodejs/globals.js:<1936,27>--<1936,62>)"
"Callee(/Users/Alexi/Documents/Projects/ApproximateCallGraphAnalysis/ApproximateCallGraphBenchmarks/LiteScript/devel/util/test.js:<209,6>--<209,60>)","Fun(/Library/codeql-home/codeql/javascript/tools/data/externs/nodejs/globals.js:<1942,27>--<1942,47>)"
"Callee(/Users/Alexi/Documents/Projects/ApproximateCallGraphAnalysis/ApproximateCallGraphBenchmarks/LiteScript/devel/util/test.js:<210,6>--<210,52>)","Fun(/Library/codeql-home/codeql/javascript/tools/data/externs/nodejs/globals.js:<1936,27>--<1936,62>)"
"Callee(/Users/Alexi/Documents/Projects/ApproximateCallGraphAnalysis/ApproximateCallGraphBenchmarks/LiteScript/devel/util/test.js:<210,6>--<210,52>)","Fun(/Library/codeql-home/codeql/javascript/tools/data/externs/nodejs/globals.js:<1942,27>--<1942,47>)"
"Callee(/Users/Alexi/Documents/Projects/ApproximateCallGraphAnalysis/ApproximateCallGraphBenchmarks/LiteScript/devel/util/test.js:<223,11>--<223,34>)","Fun(/Library/codeql-home/codeql/javascript/tools/data/externs/es/es3.js:<455,29>--<455,41>)"
"Callee(/Users/Alexi/Documents/Projects/ApproximateCallGraphAnalysis/ApproximateCallGraphBenchmarks/LiteScript/devel/util/test.js:<223,11>--<223,34>)","Fun(/Library/codeql-home/codeql/javascript/tools/data/externs/es/es3.js:<549,31>--<549,43>)"
"Callee(/Users/Alexi/Documents/Projects/ApproximateCallGraphAnalysis/ApproximateCallGraphBenchmarks/LiteScript/devel/util/test.js:<223,11>--<223,34>)","Fun(/Library/codeql-home/codeql/javascript/tools/data/externs/es/es3.js:<705,28>--<705,40>)"
"Callee(/Users/Alexi/Documents/Projects/ApproximateCallGraphAnalysis/ApproximateCallGraphBenchmarks/LiteScript/devel/util/test.js:<223,11>--<223,34>)","Fun(/Library/codeql-home/codeql/javascript/tools/data/externs/es/es3.js:<943,30>--<943,42>)"
"Callee(/Users/Alexi/Documents/Projects/ApproximateCallGraphAnalysis/ApproximateCallGraphBenchmarks/LiteScript/devel/util/test.js:<223,11>--<223,34>)","Fun(/Library/codeql-home/codeql/javascript/tools/data/externs/es/es3.js:<998,29>--<998,50>)"
"Callee(/Users/Alexi/Documents/Projects/ApproximateCallGraphAnalysis/ApproximateCallGraphBenchmarks/LiteScript/devel/util/test.js:<223,11>--<223,34>)","Fun(/Library/codeql-home/codeql/javascript/tools/data/externs/es/es3.js:<1688,27>--<1688,39>)"
"Callee(/Users/Alexi/Documents/Projects/ApproximateCallGraphAnalysis/ApproximateCallGraphBenchmarks/LiteScript/devel/util/test.js:<223,11>--<223,34>)","Fun(/Library/codeql-home/codeql/javascript/tools/data/externs/es/es3.js:<2030,29>--<2030,41>)"
"Callee(/Users/Alexi/Documents/Projects/ApproximateCallGraphAnalysis/ApproximateCallGraphBenchmarks/LiteScript/devel/util/test.js:<223,11>--<223,34>)","Fun(/Library/codeql-home/codeql/javascript/tools/data/externs/es/es3.js:<2089,29>--<2089,41>)"
"Callee(/Users/Alexi/Documents/Projects/ApproximateCallGraphAnalysis/ApproximateCallGraphBenchmarks/LiteScript/devel/util/test.js:<223,11>--<223,34>)","Fun(/Library/codeql-home/codeql/javascript/tools/data/externs/es/es6.js:<579,33>--<579,45>)"
"Callee(/Users/Alexi/Documents/Projects/ApproximateCallGraphAnalysis/ApproximateCallGraphBenchmarks/LiteScript/devel/util/test.js:<223,11>--<223,34>)","Fun(/Library/codeql-home/codeql/javascript/tools/data/externs/nodejs/globals.js:<1477,33>--<1477,65>)"
"Callee(/Users/Alexi/Documents/Projects/ApproximateCallGraphAnalysis/ApproximateCallGraphBenchmarks/LiteScript/devel/util/test.js:<223,38>--<223,59>)","Fun(/Library/codeql-home/codeql/javascript/tools/data/externs/es/es3.js:<455,29>--<455,41>)"
"Callee(/Users/Alexi/Documents/Projects/ApproximateCallGraphAnalysis/ApproximateCallGraphBenchmarks/LiteScript/devel/util/test.js:<223,38>--<223,59>)","Fun(/Library/codeql-home/codeql/javascript/tools/data/externs/es/es3.js:<549,31>--<549,43>)"
"Callee(/Users/Alexi/Documents/Projects/ApproximateCallGraphAnalysis/ApproximateCallGraphBenchmarks/LiteScript/devel/util/test.js:<223,38>--<223,59>)","Fun(/Library/codeql-home/codeql/javascript/tools/data/externs/es/es3.js:<705,28>--<705,40>)"
"Callee(/Users/Alexi/Documents/Projects/ApproximateCallGraphAnalysis/ApproximateCallGraphBenchmarks/LiteScript/devel/util/test.js:<223,38>--<223,59>)","Fun(/Library/codeql-home/codeql/javascript/tools/data/externs/es/es3.js:<943,30>--<943,42>)"
"Callee(/Users/Alexi/Documents/Projects/ApproximateCallGraphAnalysis/ApproximateCallGraphBenchmarks/LiteScript/devel/util/test.js:<223,38>--<223,59>)","Fun(/Library/codeql-home/codeql/javascript/tools/data/externs/es/es3.js:<998,29>--<998,50>)"
"Callee(/Users/Alexi/Documents/Projects/ApproximateCallGraphAnalysis/ApproximateCallGraphBenchmarks/LiteScript/devel/util/test.js:<223,38>--<223,59>)","Fun(/Library/codeql-home/codeql/javascript/tools/data/externs/es/es3.js:<1688,27>--<1688,39>)"
"Callee(/Users/Alexi/Documents/Projects/ApproximateCallGraphAnalysis/ApproximateCallGraphBenchmarks/LiteScript/devel/util/test.js:<223,38>--<223,59>)","Fun(/Library/codeql-home/codeql/javascript/tools/data/externs/es/es3.js:<2030,29>--<2030,41>)"
"Callee(/Users/Alexi/Documents/Projects/ApproximateCallGraphAnalysis/ApproximateCallGraphBenchmarks/LiteScript/devel/util/test.js:<223,38>--<223,59>)","Fun(/Library/codeql-home/codeql/javascript/tools/data/externs/es/es3.js:<2089,29>--<2089,41>)"
"Callee(/Users/Alexi/Documents/Projects/ApproximateCallGraphAnalysis/ApproximateCallGraphBenchmarks/LiteScript/devel/util/test.js:<223,38>--<223,59>)","Fun(/Library/codeql-home/codeql/javascript/tools/data/externs/es/es6.js:<579,33>--<579,45>)"
"Callee(/Users/Alexi/Documents/Projects/ApproximateCallGraphAnalysis/ApproximateCallGraphBenchmarks/LiteScript/devel/util/test.js:<223,38>--<223,59>)","Fun(/Library/codeql-home/codeql/javascript/tools/data/externs/nodejs/globals.js:<1477,33>--<1477,65>)"
"Callee(/Users/Alexi/Documents/Projects/ApproximateCallGraphAnalysis/ApproximateCallGraphBenchmarks/LiteScript/devel/util/test.js:<224,26>--<224,56>)","Fun(/Users/Alexi/Documents/Projects/ApproximateCallGraphAnalysis/ApproximateCallGraphBenchmarks/LiteScript/devel/util/test.js:<92,2>--<96,2>)"
"Callee(/Users/Alexi/Documents/Projects/ApproximateCallGraphAnalysis/ApproximateCallGraphBenchmarks/LiteScript/devel/util/test.js:<224,31>--<224,52>)","Fun(/Library/codeql-home/codeql/javascript/tools/data/externs/es/es3.js:<455,29>--<455,41>)"
"Callee(/Users/Alexi/Documents/Projects/ApproximateCallGraphAnalysis/ApproximateCallGraphBenchmarks/LiteScript/devel/util/test.js:<224,31>--<224,52>)","Fun(/Library/codeql-home/codeql/javascript/tools/data/externs/es/es3.js:<549,31>--<549,43>)"
"Callee(/Users/Alexi/Documents/Projects/ApproximateCallGraphAnalysis/ApproximateCallGraphBenchmarks/LiteScript/devel/util/test.js:<224,31>--<224,52>)","Fun(/Library/codeql-home/codeql/javascript/tools/data/externs/es/es3.js:<705,28>--<705,40>)"
"Callee(/Users/Alexi/Documents/Projects/ApproximateCallGraphAnalysis/ApproximateCallGraphBenchmarks/LiteScript/devel/util/test.js:<224,31>--<224,52>)","Fun(/Library/codeql-home/codeql/javascript/tools/data/externs/es/es3.js:<943,30>--<943,42>)"
"Callee(/Users/Alexi/Documents/Projects/ApproximateCallGraphAnalysis/ApproximateCallGraphBenchmarks/LiteScript/devel/util/test.js:<224,31>--<224,52>)","Fun(/Library/codeql-home/codeql/javascript/tools/data/externs/es/es3.js:<998,29>--<998,50>)"
"Callee(/Users/Alexi/Documents/Projects/ApproximateCallGraphAnalysis/ApproximateCallGraphBenchmarks/LiteScript/devel/util/test.js:<224,31>--<224,52>)","Fun(/Library/codeql-home/codeql/javascript/tools/data/externs/es/es3.js:<1688,27>--<1688,39>)"
"Callee(/Users/Alexi/Documents/Projects/ApproximateCallGraphAnalysis/ApproximateCallGraphBenchmarks/LiteScript/devel/util/test.js:<224,31>--<224,52>)","Fun(/Library/codeql-home/codeql/javascript/tools/data/externs/es/es3.js:<2030,29>--<2030,41>)"
"Callee(/Users/Alexi/Documents/Projects/ApproximateCallGraphAnalysis/ApproximateCallGraphBenchmarks/LiteScript/devel/util/test.js:<224,31>--<224,52>)","Fun(/Library/codeql-home/codeql/javascript/tools/data/externs/es/es3.js:<2089,29>--<2089,41>)"
"Callee(/Users/Alexi/Documents/Projects/ApproximateCallGraphAnalysis/ApproximateCallGraphBenchmarks/LiteScript/devel/util/test.js:<224,31>--<224,52>)","Fun(/Library/codeql-home/codeql/javascript/tools/data/externs/es/es6.js:<579,33>--<579,45>)"
"Callee(/Users/Alexi/Documents/Projects/ApproximateCallGraphAnalysis/ApproximateCallGraphBenchmarks/LiteScript/devel/util/test.js:<224,31>--<224,52>)","Fun(/Library/codeql-home/codeql/javascript/tools/data/externs/nodejs/globals.js:<1477,33>--<1477,65>)"
"Callee(/Users/Alexi/Documents/Projects/ApproximateCallGraphAnalysis/ApproximateCallGraphBenchmarks/LiteScript/devel/util/test.js:<224,69>--<224,92>)","Fun(/Library/codeql-home/codeql/javascript/tools/data/externs/es/es3.js:<455,29>--<455,41>)"
"Callee(/Users/Alexi/Documents/Projects/ApproximateCallGraphAnalysis/ApproximateCallGraphBenchmarks/LiteScript/devel/util/test.js:<224,69>--<224,92>)","Fun(/Library/codeql-home/codeql/javascript/tools/data/externs/es/es3.js:<549,31>--<549,43>)"
"Callee(/Users/Alexi/Documents/Projects/ApproximateCallGraphAnalysis/ApproximateCallGraphBenchmarks/LiteScript/devel/util/test.js:<224,69>--<224,92>)","Fun(/Library/codeql-home/codeql/javascript/tools/data/externs/es/es3.js:<705,28>--<705,40>)"
"Callee(/Users/Alexi/Documents/Projects/ApproximateCallGraphAnalysis/ApproximateCallGraphBenchmarks/LiteScript/devel/util/test.js:<224,69>--<224,92>)","Fun(/Library/codeql-home/codeql/javascript/tools/data/externs/es/es3.js:<943,30>--<943,42>)"
"Callee(/Users/Alexi/Documents/Projects/ApproximateCallGraphAnalysis/ApproximateCallGraphBenchmarks/LiteScript/devel/util/test.js:<224,69>--<224,92>)","Fun(/Library/codeql-home/codeql/javascript/tools/data/externs/es/es3.js:<998,29>--<998,50>)"
"Callee(/Users/Alexi/Documents/Projects/ApproximateCallGraphAnalysis/ApproximateCallGraphBenchmarks/LiteScript/devel/util/test.js:<224,69>--<224,92>)","Fun(/Library/codeql-home/codeql/javascript/tools/data/externs/es/es3.js:<1688,27>--<1688,39>)"
"Callee(/Users/Alexi/Documents/Projects/ApproximateCallGraphAnalysis/ApproximateCallGraphBenchmarks/LiteScript/devel/util/test.js:<224,69>--<224,92>)","Fun(/Library/codeql-home/codeql/javascript/tools/data/externs/es/es3.js:<2030,29>--<2030,41>)"
"Callee(/Users/Alexi/Documents/Projects/ApproximateCallGraphAnalysis/ApproximateCallGraphBenchmarks/LiteScript/devel/util/test.js:<224,69>--<224,92>)","Fun(/Library/codeql-home/codeql/javascript/tools/data/externs/es/es3.js:<2089,29>--<2089,41>)"
"Callee(/Users/Alexi/Documents/Projects/ApproximateCallGraphAnalysis/ApproximateCallGraphBenchmarks/LiteScript/devel/util/test.js:<224,69>--<224,92>)","Fun(/Library/codeql-home/codeql/javascript/tools/data/externs/es/es6.js:<579,33>--<579,45>)"
"Callee(/Users/Alexi/Documents/Projects/ApproximateCallGraphAnalysis/ApproximateCallGraphBenchmarks/LiteScript/devel/util/test.js:<224,69>--<224,92>)","Fun(/Library/codeql-home/codeql/javascript/tools/data/externs/nodejs/globals.js:<1477,33>--<1477,65>)"
"Callee(/Users/Alexi/Documents/Projects/ApproximateCallGraphAnalysis/ApproximateCallGraphBenchmarks/LiteScript/devel/util/test.js:<225,7>--<225,25>)","Fun(/Library/codeql-home/codeql/javascript/tools/data/externs/nodejs/globals.js:<1936,27>--<1936,62>)"
"Callee(/Users/Alexi/Documents/Projects/ApproximateCallGraphAnalysis/ApproximateCallGraphBenchmarks/LiteScript/devel/util/test.js:<225,7>--<225,25>)","Fun(/Library/codeql-home/codeql/javascript/tools/data/externs/nodejs/globals.js:<1942,27>--<1942,47>)"
"Callee(/Users/Alexi/Documents/Projects/ApproximateCallGraphAnalysis/ApproximateCallGraphBenchmarks/LiteScript/devel/util/test.js:<227,6>--<227,52>)","Fun(/Library/codeql-home/codeql/javascript/tools/data/externs/nodejs/globals.js:<1936,27>--<1936,62>)"
"Callee(/Users/Alexi/Documents/Projects/ApproximateCallGraphAnalysis/ApproximateCallGraphBenchmarks/LiteScript/devel/util/test.js:<227,6>--<227,52>)","Fun(/Library/codeql-home/codeql/javascript/tools/data/externs/nodejs/globals.js:<1942,27>--<1942,47>)"
"Callee(/Users/Alexi/Documents/Projects/ApproximateCallGraphAnalysis/ApproximateCallGraphBenchmarks/LiteScript/devel/util/test.js:<230,6>--<230,49>)","Fun(/Library/codeql-home/codeql/javascript/tools/data/externs/nodejs/globals.js:<1936,27>--<1936,62>)"
"Callee(/Users/Alexi/Documents/Projects/ApproximateCallGraphAnalysis/ApproximateCallGraphBenchmarks/LiteScript/devel/util/test.js:<230,6>--<230,49>)","Fun(/Library/codeql-home/codeql/javascript/tools/data/externs/nodejs/globals.js:<1942,27>--<1942,47>)"
"Callee(/Users/Alexi/Documents/Projects/ApproximateCallGraphAnalysis/ApproximateCallGraphBenchmarks/LiteScript/devel/util/test.js:<231,6>--<231,52>)","Fun(/Library/codeql-home/codeql/javascript/tools/data/externs/nodejs/globals.js:<1936,27>--<1936,62>)"
"Callee(/Users/Alexi/Documents/Projects/ApproximateCallGraphAnalysis/ApproximateCallGraphBenchmarks/LiteScript/devel/util/test.js:<231,6>--<231,52>)","Fun(/Library/codeql-home/codeql/javascript/tools/data/externs/nodejs/globals.js:<1942,27>--<1942,47>)"
"Callee(/Users/Alexi/Documents/Projects/ApproximateCallGraphAnalysis/ApproximateCallGraphBenchmarks/LiteScript/devel/util/test.js:<240,18>--<240,74>)","Fun(/Library/codeql-home/codeql/javascript/tools/data/externs/nodejs/globals.js:<1936,27>--<1936,62>)"
"Callee(/Users/Alexi/Documents/Projects/ApproximateCallGraphAnalysis/ApproximateCallGraphBenchmarks/LiteScript/devel/util/test.js:<240,18>--<240,74>)","Fun(/Library/codeql-home/codeql/javascript/tools/data/externs/nodejs/globals.js:<1942,27>--<1942,47>)"
"Callee(/Users/Alexi/Documents/Projects/ApproximateCallGraphAnalysis/ApproximateCallGraphBenchmarks/LiteScript/devel/util/test.js:<244,5>--<244,11>)","Fun(/Users/Alexi/Documents/Projects/ApproximateCallGraphAnalysis/ApproximateCallGraphBenchmarks/LiteScript/devel/util/test.js:<240,1>--<240,76>)"
"Callee(/Users/Alexi/Documents/Projects/ApproximateCallGraphAnalysis/ApproximateCallGraphBenchmarks/LiteScript/devel/util/test.js:<245,5>--<245,59>)","Fun(/Library/codeql-home/codeql/javascript/tools/data/externs/nodejs/globals.js:<1936,27>--<1936,62>)"
"Callee(/Users/Alexi/Documents/Projects/ApproximateCallGraphAnalysis/ApproximateCallGraphBenchmarks/LiteScript/devel/util/test.js:<245,5>--<245,59>)","Fun(/Library/codeql-home/codeql/javascript/tools/data/externs/nodejs/globals.js:<1942,27>--<1942,47>)"
"Callee(/Users/Alexi/Documents/Projects/ApproximateCallGraphAnalysis/ApproximateCallGraphBenchmarks/LiteScript/devel/util/test.js:<246,5>--<246,11>)","Fun(/Users/Alexi/Documents/Projects/ApproximateCallGraphAnalysis/ApproximateCallGraphBenchmarks/LiteScript/devel/util/test.js:<240,1>--<240,76>)"
"Callee(/Users/Alexi/Documents/Projects/ApproximateCallGraphAnalysis/ApproximateCallGraphBenchmarks/LiteScript/devel/util/test.js:<248,10>--<248,32>)","Fun(/Library/codeql-home/codeql/javascript/tools/data/externs/nodejs/fs.js:<1311,17>--<1311,33>)"
"Callee(/Users/Alexi/Documents/Projects/ApproximateCallGraphAnalysis/ApproximateCallGraphBenchmarks/LiteScript/devel/util/test.js:<248,10>--<248,32>)","Fun(/Library/codeql-home/codeql/javascript/tools/data/externs/nodejs/path.js:<351,19>--<351,35>)"
"Callee(/Users/Alexi/Documents/Projects/ApproximateCallGraphAnalysis/ApproximateCallGraphBenchmarks/LiteScript/devel/util/test.js:<249,9>--<249,39>)","Fun(/Library/codeql-home/codeql/javascript/tools/data/externs/es/es3.js:<1117,12>--<1117,25>)"
"Callee(/Users/Alexi/Documents/Projects/ApproximateCallGraphAnalysis/ApproximateCallGraphBenchmarks/LiteScript/devel/util/test.js:<249,9>--<249,39>)","Fun(/Library/codeql-home/codeql/javascript/tools/data/externs/nodejs/globals.js:<1962,25>--<1962,60>)"
"Callee(/Users/Alexi/Documents/Projects/ApproximateCallGraphAnalysis/ApproximateCallGraphBenchmarks/LiteScript/devel/util/test.js:<249,9>--<249,39>)","Fun(/Library/codeql-home/codeql/javascript/tools/data/externs/nodejs/globals.js:<1968,25>--<1968,45>)"
"Callee(/Users/Alexi/Documents/Projects/ApproximateCallGraphAnalysis/ApproximateCallGraphBenchmarks/LiteScript/devel/util/test.js:<253,15>--<253,38>)","Fun(/Library/codeql-home/codeql/javascript/tools/data/externs/nodejs/fs.js:<910,18>--<910,34>)"
"Callee(/Users/Alexi/Documents/Projects/ApproximateCallGraphAnalysis/ApproximateCallGraphBenchmarks/LiteScript/devel/util/test.js:<255,18>--<255,45>)","Fun(/Library/codeql-home/codeql/javascript/tools/data/externs/es/es3.js:<595,24>--<595,49>)"
"Callee(/Users/Alexi/Documents/Projects/ApproximateCallGraphAnalysis/ApproximateCallGraphBenchmarks/LiteScript/devel/util/test.js:<255,18>--<255,45>)","Fun(/Library/codeql-home/codeql/javascript/tools/data/externs/es/es6.js:<450,29>--<450,54>)"
"Callee(/Users/Alexi/Documents/Projects/ApproximateCallGraphAnalysis/ApproximateCallGraphBenchmarks/LiteScript/devel/util/test.js:<255,18>--<255,45>)","Fun(/Library/codeql-home/codeql/javascript/tools/data/externs/nodejs/path.js:<82,13>--<82,30>)"
"Callee(/Users/Alexi/Documents/Projects/ApproximateCallGraphAnalysis/ApproximateCallGraphBenchmarks/LiteScript/devel/util/test.js:<255,18>--<255,45>)","Fun(/Library/codeql-home/codeql/javascript/tools/data/externs/nodejs/path.js:<88,13>--<88,30>)"
"Callee(/Users/Alexi/Documents/Projects/ApproximateCallGraphAnalysis/ApproximateCallGraphBenchmarks/LiteScript/devel/util/test.js:<255,18>--<255,45>)","Fun(/Library/codeql-home/codeql/javascript/tools/data/externs/nodejs/path.js:<162,19>--<162,36>)"
"Callee(/Users/Alexi/Documents/Projects/ApproximateCallGraphAnalysis/ApproximateCallGraphBenchmarks/LiteScript/devel/util/test.js:<255,18>--<255,45>)","Fun(/Library/codeql-home/codeql/javascript/tools/data/externs/nodejs/path.js:<237,19>--<237,36>)"
"Callee(/Users/Alexi/Documents/Projects/ApproximateCallGraphAnalysis/ApproximateCallGraphBenchmarks/LiteScript/devel/util/test.js:<257,14>--<257,31>)","Fun(/Library/codeql-home/codeql/javascript/tools/data/externs/es/es3.js:<658,25>--<658,55>)"
"Callee(/Users/Alexi/Documents/Projects/ApproximateCallGraphAnalysis/ApproximateCallGraphBenchmarks/LiteScript/devel/util/test.js:<257,14>--<257,31>)","Fun(/Library/codeql-home/codeql/javascript/tools/data/externs/es/es3.js:<1921,26>--<1921,52>)"
"Callee(/Users/Alexi/Documents/Projects/ApproximateCallGraphAnalysis/ApproximateCallGraphBenchmarks/LiteScript/devel/util/test.js:<257,14>--<257,31>)","Fun(/Library/codeql-home/codeql/javascript/tools/data/externs/es/es6.js:<307,31>--<307,57>)"
"Callee(/Users/Alexi/Documents/Projects/ApproximateCallGraphAnalysis/ApproximateCallGraphBenchmarks/LiteScript/devel/util/test.js:<257,14>--<257,31>)","Fun(/Library/codeql-home/codeql/javascript/tools/data/externs/es/es6.js:<527,30>--<527,60>)"
"Callee(/Users/Alexi/Documents/Projects/ApproximateCallGraphAnalysis/ApproximateCallGraphBenchmarks/LiteScript/devel/util/test.js:<257,14>--<257,31>)","Fun(/Library/codeql-home/codeql/javascript/tools/data/externs/nodejs/globals.js:<1514,30>--<1514,52>)"
"Callee(/Users/Alexi/Documents/Projects/ApproximateCallGraphAnalysis/ApproximateCallGraphBenchmarks/LiteScript/devel/util/test.js:<258,39>--<258,62>)","Fun(/Library/codeql-home/codeql/javascript/tools/data/externs/es/es3.js:<788,27>--<788,57>)"
"Callee(/Users/Alexi/Documents/Projects/ApproximateCallGraphAnalysis/ApproximateCallGraphBenchmarks/LiteScript/devel/util/test.js:<258,39>--<258,62>)","Fun(/Library/codeql-home/codeql/javascript/tools/data/externs/es/es3.js:<879,17>--<879,52>)"
"Callee(/Users/Alexi/Documents/Projects/ApproximateCallGraphAnalysis/ApproximateCallGraphBenchmarks/LiteScript/devel/util/test.js:<258,39>--<258,62>)","Fun(/Library/codeql-home/codeql/javascript/tools/data/externs/es/es3.js:<1818,28>--<1818,66>)"
"Callee(/Users/Alexi/Documents/Projects/ApproximateCallGraphAnalysis/ApproximateCallGraphBenchmarks/LiteScript/devel/util/test.js:<258,39>--<258,62>)","Fun(/Library/codeql-home/codeql/javascript/tools/data/externs/es/es6.js:<442,32>--<442,72>)"
"Callee(/Users/Alexi/Documents/Projects/ApproximateCallGraphAnalysis/ApproximateCallGraphBenchmarks/LiteScript/devel/util/test.js:<258,39>--<258,62>)","Fun(/Library/codeql-home/codeql/javascript/tools/data/externs/nodejs/globals.js:<1823,32>--<1823,71>)"
"Callee(/Users/Alexi/Documents/Projects/ApproximateCallGraphAnalysis/ApproximateCallGraphBenchmarks/LiteScript/devel/util/test.js:<259,17>--<259,34>)","Fun(/Users/Alexi/Documents/Projects/ApproximateCallGraphAnalysis/ApproximateCallGraphBenchmarks/LiteScript/devel/util/test.js:<90,1>--<238,1>)"
"Callee(/Users/Alexi/Documents/Projects/ApproximateCallGraphAnalysis/ApproximateCallGraphBenchmarks/LiteScript/devel/util/test.js:<262,5>--<262,11>)","Fun(/Users/Alexi/Documents/Projects/ApproximateCallGraphAnalysis/ApproximateCallGraphBenchmarks/LiteScript/devel/util/test.js:<240,1>--<240,76>)"
"Callee(/Users/Alexi/Documents/Projects/ApproximateCallGraphAnalysis/ApproximateCallGraphBenchmarks/LiteScript/devel/util/test.js:<263,31>--<263,75>)","Fun(/Library/codeql-home/codeql/javascript/tools/data/externs/nodejs/globals.js:<1936,27>--<1936,62>)"
"Callee(/Users/Alexi/Documents/Projects/ApproximateCallGraphAnalysis/ApproximateCallGraphBenchmarks/LiteScript/devel/util/test.js:<263,31>--<263,75>)","Fun(/Library/codeql-home/codeql/javascript/tools/data/externs/nodejs/globals.js:<1942,27>--<1942,47>)"
"Callee(/Users/Alexi/Documents/Projects/ApproximateCallGraphAnalysis/ApproximateCallGraphBenchmarks/LiteScript/devel/util/test.js:<264,31>--<264,80>)","Fun(/Library/codeql-home/codeql/javascript/tools/data/externs/nodejs/globals.js:<1936,27>--<1936,62>)"
"Callee(/Users/Alexi/Documents/Projects/ApproximateCallGraphAnalysis/ApproximateCallGraphBenchmarks/LiteScript/devel/util/test.js:<264,31>--<264,80>)","Fun(/Library/codeql-home/codeql/javascript/tools/data/externs/nodejs/globals.js:<1942,27>--<1942,47>)"
"Callee(/Users/Alexi/Documents/Projects/ApproximateCallGraphAnalysis/ApproximateCallGraphBenchmarks/LiteScript/devel/util/test.js:<274,1>--<274,27>)","Fun(/Library/codeql-home/codeql/javascript/tools/data/externs/es/es3.js:<1117,12>--<1117,25>)"
"Callee(/Users/Alexi/Documents/Projects/ApproximateCallGraphAnalysis/ApproximateCallGraphBenchmarks/LiteScript/devel/util/test.js:<274,1>--<274,27>)","Fun(/Library/codeql-home/codeql/javascript/tools/data/externs/nodejs/globals.js:<1962,25>--<1962,60>)"
"Callee(/Users/Alexi/Documents/Projects/ApproximateCallGraphAnalysis/ApproximateCallGraphBenchmarks/LiteScript/devel/util/test.js:<274,1>--<274,27>)","Fun(/Library/codeql-home/codeql/javascript/tools/data/externs/nodejs/globals.js:<1968,25>--<1968,45>)"
"Callee(/Users/Alexi/Documents/Projects/ApproximateCallGraphAnalysis/ApproximateCallGraphBenchmarks/LiteScript/devel/util/test.js:<275,1>--<275,28>)","Fun(/Library/codeql-home/codeql/javascript/tools/data/externs/es/es3.js:<1117,12>--<1117,25>)"
"Callee(/Users/Alexi/Documents/Projects/ApproximateCallGraphAnalysis/ApproximateCallGraphBenchmarks/LiteScript/devel/util/test.js:<275,1>--<275,28>)","Fun(/Library/codeql-home/codeql/javascript/tools/data/externs/nodejs/globals.js:<1962,25>--<1962,60>)"
"Callee(/Users/Alexi/Documents/Projects/ApproximateCallGraphAnalysis/ApproximateCallGraphBenchmarks/LiteScript/devel/util/test.js:<275,1>--<275,28>)","Fun(/Library/codeql-home/codeql/javascript/tools/data/externs/nodejs/globals.js:<1968,25>--<1968,45>)"
"Callee(/Users/Alexi/Documents/Projects/ApproximateCallGraphAnalysis/ApproximateCallGraphBenchmarks/LiteScript/devel/util/test.js:<276,1>--<276,27>)","Fun(/Library/codeql-home/codeql/javascript/tools/data/externs/es/es3.js:<1117,12>--<1117,25>)"
"Callee(/Users/Alexi/Documents/Projects/ApproximateCallGraphAnalysis/ApproximateCallGraphBenchmarks/LiteScript/devel/util/test.js:<276,1>--<276,27>)","Fun(/Library/codeql-home/codeql/javascript/tools/data/externs/nodejs/globals.js:<1962,25>--<1962,60>)"
"Callee(/Users/Alexi/Documents/Projects/ApproximateCallGraphAnalysis/ApproximateCallGraphBenchmarks/LiteScript/devel/util/test.js:<276,1>--<276,27>)","Fun(/Library/codeql-home/codeql/javascript/tools/data/externs/nodejs/globals.js:<1968,25>--<1968,45>)"
"Callee(/Users/Alexi/Documents/Projects/ApproximateCallGraphAnalysis/ApproximateCallGraphBenchmarks/LiteScript/devel/util/test.js:<279,12>--<279,33>)","Fun(/Users/Alexi/Documents/Projects/ApproximateCallGraphAnalysis/ApproximateCallGraphBenchmarks/LiteScript/devel/util/test.js:<18,4>--<22,5>)"
"Callee(/Users/Alexi/Documents/Projects/ApproximateCallGraphAnalysis/ApproximateCallGraphBenchmarks/LiteScript/devel/util/test.js:<281,20>--<281,57>)","Fun(/Users/Alexi/Documents/Projects/ApproximateCallGraphAnalysis/ApproximateCallGraphBenchmarks/LiteScript/devel/util/test.js:<39,28>--<50,5>)"
"Callee(/Users/Alexi/Documents/Projects/ApproximateCallGraphAnalysis/ApproximateCallGraphBenchmarks/LiteScript/devel/util/test.js:<283,5>--<283,95>)","Fun(/Library/codeql-home/codeql/javascript/tools/data/externs/es/es3.js:<1117,12>--<1117,25>)"
"Callee(/Users/Alexi/Documents/Projects/ApproximateCallGraphAnalysis/ApproximateCallGraphBenchmarks/LiteScript/devel/util/test.js:<283,5>--<283,95>)","Fun(/Library/codeql-home/codeql/javascript/tools/data/externs/nodejs/globals.js:<1962,25>--<1962,60>)"
"Callee(/Users/Alexi/Documents/Projects/ApproximateCallGraphAnalysis/ApproximateCallGraphBenchmarks/LiteScript/devel/util/test.js:<283,5>--<283,95>)","Fun(/Library/codeql-home/codeql/javascript/tools/data/externs/nodejs/globals.js:<1968,25>--<1968,45>)"
"Callee(/Users/Alexi/Documents/Projects/ApproximateCallGraphAnalysis/ApproximateCallGraphBenchmarks/LiteScript/devel/util/test.js:<284,5>--<284,19>)","Fun(/Library/codeql-home/codeql/javascript/tools/data/externs/nodejs/globals.js:<888,33>--<888,49>)"
"Callee(/Users/Alexi/Documents/Projects/ApproximateCallGraphAnalysis/ApproximateCallGraphBenchmarks/LiteScript/devel/util/test.js:<289,1>--<289,76>)","Fun(/Library/codeql-home/codeql/javascript/tools/data/externs/nodejs/globals.js:<1936,27>--<1936,62>)"
"Callee(/Users/Alexi/Documents/Projects/ApproximateCallGraphAnalysis/ApproximateCallGraphBenchmarks/LiteScript/devel/util/test.js:<289,1>--<289,76>)","Fun(/Library/codeql-home/codeql/javascript/tools/data/externs/nodejs/globals.js:<1942,27>--<1942,47>)"
"Callee(/Users/Alexi/Documents/Projects/ApproximateCallGraphAnalysis/ApproximateCallGraphBenchmarks/LiteScript/devel/util/test.js:<291,11>--<291,31>)","Fun(/Users/Alexi/Documents/Projects/ApproximateCallGraphAnalysis/ApproximateCallGraphBenchmarks/LiteScript/devel/util/test.js:<39,28>--<50,5>)"
"Callee(/Users/Alexi/Documents/Projects/ApproximateCallGraphAnalysis/ApproximateCallGraphBenchmarks/LiteScript/devel/util/test.js:<291,35>--<291,61>)","Fun(/Library/codeql-home/codeql/javascript/tools/data/externs/es/es3.js:<658,25>--<658,55>)"
"Callee(/Users/Alexi/Documents/Projects/ApproximateCallGraphAnalysis/ApproximateCallGraphBenchmarks/LiteScript/devel/util/test.js:<291,35>--<291,61>)","Fun(/Library/codeql-home/codeql/javascript/tools/data/externs/es/es3.js:<1921,26>--<1921,52>)"
"Callee(/Users/Alexi/Documents/Projects/ApproximateCallGraphAnalysis/ApproximateCallGraphBenchmarks/LiteScript/devel/util/test.js:<291,35>--<291,61>)","Fun(/Library/codeql-home/codeql/javascript/tools/data/externs/es/es6.js:<307,31>--<307,57>)"
"Callee(/Users/Alexi/Documents/Projects/ApproximateCallGraphAnalysis/ApproximateCallGraphBenchmarks/LiteScript/devel/util/test.js:<291,35>--<291,61>)","Fun(/Library/codeql-home/codeql/javascript/tools/data/externs/es/es6.js:<527,30>--<527,60>)"
"Callee(/Users/Alexi/Documents/Projects/ApproximateCallGraphAnalysis/ApproximateCallGraphBenchmarks/LiteScript/devel/util/test.js:<291,35>--<291,61>)","Fun(/Library/codeql-home/codeql/javascript/tools/data/externs/nodejs/globals.js:<1514,30>--<1514,52>)"
"Callee(/Users/Alexi/Documents/Projects/ApproximateCallGraphAnalysis/ApproximateCallGraphBenchmarks/LiteScript/devel/util/test.js:<293,5>--<293,65>)","Fun(/Library/codeql-home/codeql/javascript/tools/data/externs/es/es3.js:<1117,12>--<1117,25>)"
"Callee(/Users/Alexi/Documents/Projects/ApproximateCallGraphAnalysis/ApproximateCallGraphBenchmarks/LiteScript/devel/util/test.js:<293,5>--<293,65>)","Fun(/Library/codeql-home/codeql/javascript/tools/data/externs/nodejs/globals.js:<1962,25>--<1962,60>)"
"Callee(/Users/Alexi/Documents/Projects/ApproximateCallGraphAnalysis/ApproximateCallGraphBenchmarks/LiteScript/devel/util/test.js:<293,5>--<293,65>)","Fun(/Library/codeql-home/codeql/javascript/tools/data/externs/nodejs/globals.js:<1968,25>--<1968,45>)"
"Callee(/Users/Alexi/Documents/Projects/ApproximateCallGraphAnalysis/ApproximateCallGraphBenchmarks/LiteScript/devel/util/test.js:<294,5>--<294,19>)","Fun(/Library/codeql-home/codeql/javascript/tools/data/externs/nodejs/globals.js:<888,33>--<888,49>)"
"Callee(/Users/Alexi/Documents/Projects/ApproximateCallGraphAnalysis/ApproximateCallGraphBenchmarks/LiteScript/devel/util/test.js:<296,23>--<296,34>)","Fun(/Library/codeql-home/codeql/javascript/tools/data/externs/es/es3.js:<658,25>--<658,55>)"
"Callee(/Users/Alexi/Documents/Projects/ApproximateCallGraphAnalysis/ApproximateCallGraphBenchmarks/LiteScript/devel/util/test.js:<296,23>--<296,34>)","Fun(/Library/codeql-home/codeql/javascript/tools/data/externs/es/es3.js:<1921,26>--<1921,52>)"
"Callee(/Users/Alexi/Documents/Projects/ApproximateCallGraphAnalysis/ApproximateCallGraphBenchmarks/LiteScript/devel/util/test.js:<296,23>--<296,34>)","Fun(/Library/codeql-home/codeql/javascript/tools/data/externs/es/es6.js:<307,31>--<307,57>)"
"Callee(/Users/Alexi/Documents/Projects/ApproximateCallGraphAnalysis/ApproximateCallGraphBenchmarks/LiteScript/devel/util/test.js:<296,23>--<296,34>)","Fun(/Library/codeql-home/codeql/javascript/tools/data/externs/es/es6.js:<527,30>--<527,60>)"
"Callee(/Users/Alexi/Documents/Projects/ApproximateCallGraphAnalysis/ApproximateCallGraphBenchmarks/LiteScript/devel/util/test.js:<296,23>--<296,34>)","Fun(/Library/codeql-home/codeql/javascript/tools/data/externs/nodejs/globals.js:<1514,30>--<1514,52>)"
"Callee(/Users/Alexi/Documents/Projects/ApproximateCallGraphAnalysis/ApproximateCallGraphBenchmarks/LiteScript/devel/util/test.js:<298,14>--<298,37>)","Fun(/Users/Alexi/Documents/Projects/ApproximateCallGraphAnalysis/ApproximateCallGraphBenchmarks/LiteScript/devel/util/test.js:<39,28>--<50,5>)"
"Callee(/Users/Alexi/Documents/Projects/ApproximateCallGraphAnalysis/ApproximateCallGraphBenchmarks/LiteScript/devel/util/test.js:<300,32>--<300,55>)","Fun(/Users/Alexi/Documents/Projects/ApproximateCallGraphAnalysis/ApproximateCallGraphBenchmarks/LiteScript/devel/util/test.js:<27,26>--<36,5>)"
"Callee(/Users/Alexi/Documents/Projects/ApproximateCallGraphAnalysis/ApproximateCallGraphBenchmarks/LiteScript/devel/util/test.js:<302,23>--<302,47>)","Fun(/Users/Alexi/Documents/Projects/ApproximateCallGraphAnalysis/ApproximateCallGraphBenchmarks/LiteScript/devel/util/test.js:<39,28>--<50,5>)"
"Callee(/Users/Alexi/Documents/Projects/ApproximateCallGraphAnalysis/ApproximateCallGraphBenchmarks/LiteScript/devel/util/test.js:<305,15>--<305,30>)","Fun(/Library/codeql-home/codeql/javascript/tools/data/externs/es/es3.js:<689,26>--<689,70>)"
"Callee(/Users/Alexi/Documents/Projects/ApproximateCallGraphAnalysis/ApproximateCallGraphBenchmarks/LiteScript/devel/util/test.js:<306,14>--<306,42>)","Fun(/Library/codeql-home/codeql/javascript/tools/data/externs/es/es3.js:<1117,12>--<1117,25>)"
"Callee(/Users/Alexi/Documents/Projects/ApproximateCallGraphAnalysis/ApproximateCallGraphBenchmarks/LiteScript/devel/util/test.js:<306,14>--<306,42>)","Fun(/Library/codeql-home/codeql/javascript/tools/data/externs/nodejs/globals.js:<1962,25>--<1962,60>)"
"Callee(/Users/Alexi/Documents/Projects/ApproximateCallGraphAnalysis/ApproximateCallGraphBenchmarks/LiteScript/devel/util/test.js:<306,14>--<306,42>)","Fun(/Library/codeql-home/codeql/javascript/tools/data/externs/nodejs/globals.js:<1968,25>--<1968,45>)"
"Callee(/Users/Alexi/Documents/Projects/ApproximateCallGraphAnalysis/ApproximateCallGraphBenchmarks/LiteScript/devel/util/test.js:<310,2>--<310,51>)","Fun(/Library/codeql-home/codeql/javascript/tools/data/externs/nodejs/globals.js:<1936,27>--<1936,62>)"
"Callee(/Users/Alexi/Documents/Projects/ApproximateCallGraphAnalysis/ApproximateCallGraphBenchmarks/LiteScript/devel/util/test.js:<310,2>--<310,51>)","Fun(/Library/codeql-home/codeql/javascript/tools/data/externs/nodejs/globals.js:<1942,27>--<1942,47>)"
"Callee(/Users/Alexi/Documents/Projects/ApproximateCallGraphAnalysis/ApproximateCallGraphBenchmarks/LiteScript/devel/util/test.js:<310,37>--<310,50>)","Fun(/Library/codeql-home/codeql/javascript/tools/data/externs/es/es3.js:<595,24>--<595,49>)"
"Callee(/Users/Alexi/Documents/Projects/ApproximateCallGraphAnalysis/ApproximateCallGraphBenchmarks/LiteScript/devel/util/test.js:<310,37>--<310,50>)","Fun(/Library/codeql-home/codeql/javascript/tools/data/externs/es/es6.js:<450,29>--<450,54>)"
"Callee(/Users/Alexi/Documents/Projects/ApproximateCallGraphAnalysis/ApproximateCallGraphBenchmarks/LiteScript/devel/util/test.js:<310,37>--<310,50>)","Fun(/Library/codeql-home/codeql/javascript/tools/data/externs/nodejs/path.js:<82,13>--<82,30>)"
"Callee(/Users/Alexi/Documents/Projects/ApproximateCallGraphAnalysis/ApproximateCallGraphBenchmarks/LiteScript/devel/util/test.js:<310,37>--<310,50>)","Fun(/Library/codeql-home/codeql/javascript/tools/data/externs/nodejs/path.js:<88,13>--<88,30>)"
"Callee(/Users/Alexi/Documents/Projects/ApproximateCallGraphAnalysis/ApproximateCallGraphBenchmarks/LiteScript/devel/util/test.js:<310,37>--<310,50>)","Fun(/Library/codeql-home/codeql/javascript/tools/data/externs/nodejs/path.js:<162,19>--<162,36>)"
"Callee(/Users/Alexi/Documents/Projects/ApproximateCallGraphAnalysis/ApproximateCallGraphBenchmarks/LiteScript/devel/util/test.js:<310,37>--<310,50>)","Fun(/Library/codeql-home/codeql/javascript/tools/data/externs/nodejs/path.js:<237,19>--<237,36>)"
"Callee(/Users/Alexi/Documents/Projects/ApproximateCallGraphAnalysis/ApproximateCallGraphBenchmarks/LiteScript/devel/util/test.js:<311,2>--<311,16>)","Fun(/Library/codeql-home/codeql/javascript/tools/data/externs/nodejs/globals.js:<888,33>--<888,49>)"
"Callee(/Users/Alexi/Documents/Projects/ApproximateCallGraphAnalysis/ApproximateCallGraphBenchmarks/LiteScript/devel/util/test.js:<314,1>--<314,7>)","Fun(/Users/Alexi/Documents/Projects/ApproximateCallGraphAnalysis/ApproximateCallGraphBenchmarks/LiteScript/devel/util/test.js:<240,1>--<240,76>)"
"Callee(/Users/Alexi/Documents/Projects/ApproximateCallGraphAnalysis/ApproximateCallGraphBenchmarks/LiteScript/devel/util/test.js:<315,1>--<315,52>)","Fun(/Library/codeql-home/codeql/javascript/tools/data/externs/nodejs/globals.js:<1936,27>--<1936,62>)"
"Callee(/Users/Alexi/Documents/Projects/ApproximateCallGraphAnalysis/ApproximateCallGraphBenchmarks/LiteScript/devel/util/test.js:<315,1>--<315,52>)","Fun(/Library/codeql-home/codeql/javascript/tools/data/externs/nodejs/globals.js:<1942,27>--<1942,47>)"
"Callee(/Users/Alexi/Documents/Projects/ApproximateCallGraphAnalysis/ApproximateCallGraphBenchmarks/LiteScript/devel/util/test.js:<316,27>--<316,92>)","Fun(/Library/codeql-home/codeql/javascript/tools/data/externs/nodejs/globals.js:<1936,27>--<1936,62>)"
"Callee(/Users/Alexi/Documents/Projects/ApproximateCallGraphAnalysis/ApproximateCallGraphBenchmarks/LiteScript/devel/util/test.js:<316,27>--<316,92>)","Fun(/Library/codeql-home/codeql/javascript/tools/data/externs/nodejs/globals.js:<1942,27>--<1942,47>)"
"Callee(/Users/Alexi/Documents/Projects/ApproximateCallGraphAnalysis/ApproximateCallGraphBenchmarks/LiteScript/devel/util/test.js:<316,61>--<316,91>)","Fun(/Library/codeql-home/codeql/javascript/tools/data/externs/es/es5.js:<255,18>--<255,62>)"
"Callee(/Users/Alexi/Documents/Projects/ApproximateCallGraphAnalysis/ApproximateCallGraphBenchmarks/LiteScript/devel/util/test.js:<322,1>--<322,50>)","Fun(/Library/codeql-home/codeql/javascript/tools/data/externs/nodejs/globals.js:<1936,27>--<1936,62>)"
"Callee(/Users/Alexi/Documents/Projects/ApproximateCallGraphAnalysis/ApproximateCallGraphBenchmarks/LiteScript/devel/util/test.js:<322,1>--<322,50>)","Fun(/Library/codeql-home/codeql/javascript/tools/data/externs/nodejs/globals.js:<1942,27>--<1942,47>)"
"Callee(/Users/Alexi/Documents/Projects/ApproximateCallGraphAnalysis/ApproximateCallGraphBenchmarks/LiteScript/devel/util/test.js:<323,1>--<323,35>)","Fun(/Library/codeql-home/codeql/javascript/tools/data/externs/nodejs/globals.js:<1936,27>--<1936,62>)"
"Callee(/Users/Alexi/Documents/Projects/ApproximateCallGraphAnalysis/ApproximateCallGraphBenchmarks/LiteScript/devel/util/test.js:<323,1>--<323,35>)","Fun(/Library/codeql-home/codeql/javascript/tools/data/externs/nodejs/globals.js:<1942,27>--<1942,47>)"
"Callee(/Users/Alexi/Documents/Projects/ApproximateCallGraphAnalysis/ApproximateCallGraphBenchmarks/LiteScript/devel/util/test.js:<323,22>--<323,34>)","Fun(/Library/codeql-home/codeql/javascript/tools/data/externs/nodejs/globals.js:<877,32>--<877,44>)"
"Callee(/Users/Alexi/Documents/Projects/ApproximateCallGraphAnalysis/ApproximateCallGraphBenchmarks/LiteScript/devel/util/test.js:<325,1>--<325,36>)","Fun(/Users/Alexi/Documents/Projects/ApproximateCallGraphAnalysis/ApproximateCallGraphBenchmarks/LiteScript/devel/util/test.js:<242,1>--<265,1>)"
"Callee(/Users/Alexi/Documents/Projects/ApproximateCallGraphAnalysis/ApproximateCallGraphBenchmarks/LiteScript/devel/util/test.js:<327,1>--<327,30>)","Fun(/Users/Alexi/Documents/Projects/ApproximateCallGraphAnalysis/ApproximateCallGraphBenchmarks/LiteScript/devel/util/test.js:<242,1>--<265,1>)"
"Callee(/Users/Alexi/Documents/Projects/ApproximateCallGraphAnalysis/ApproximateCallGraphBenchmarks/LiteScript/devel/util/test.js:<332,1>--<332,57>)","Fun(/Library/codeql-home/codeql/javascript/tools/data/externs/nodejs/globals.js:<1936,27>--<1936,62>)"
"Callee(/Users/Alexi/Documents/Projects/ApproximateCallGraphAnalysis/ApproximateCallGraphBenchmarks/LiteScript/devel/util/test.js:<332,1>--<332,57>)","Fun(/Library/codeql-home/codeql/javascript/tools/data/externs/nodejs/globals.js:<1942,27>--<1942,47>)"
"Callee(/Users/Alexi/Documents/Projects/ApproximateCallGraphAnalysis/ApproximateCallGraphBenchmarks/LiteScript/devel/util/test.js:<333,13>--<333,52>)","Fun(/Library/codeql-home/codeql/javascript/tools/data/externs/nodejs/globals.js:<1936,27>--<1936,62>)"
"Callee(/Users/Alexi/Documents/Projects/ApproximateCallGraphAnalysis/ApproximateCallGraphBenchmarks/LiteScript/devel/util/test.js:<333,13>--<333,52>)","Fun(/Library/codeql-home/codeql/javascript/tools/data/externs/nodejs/globals.js:<1942,27>--<1942,47>)"
"Callee(/Users/Alexi/Documents/Projects/ApproximateCallGraphAnalysis/ApproximateCallGraphBenchmarks/LiteScript/devel/util/test.js:<334,17>--<334,66>)","Fun(/Library/codeql-home/codeql/javascript/tools/data/externs/nodejs/globals.js:<1936,27>--<1936,62>)"
"Callee(/Users/Alexi/Documents/Projects/ApproximateCallGraphAnalysis/ApproximateCallGraphBenchmarks/LiteScript/devel/util/test.js:<334,17>--<334,66>)","Fun(/Library/codeql-home/codeql/javascript/tools/data/externs/nodejs/globals.js:<1942,27>--<1942,47>)"
"Callee(/Users/Alexi/Documents/Projects/ApproximateCallGraphAnalysis/ApproximateCallGraphBenchmarks/LiteScript/devel/util/test.js:<335,33>--<335,67>)","Fun(/Library/codeql-home/codeql/javascript/tools/data/externs/nodejs/globals.js:<1936,27>--<1936,62>)"
"Callee(/Users/Alexi/Documents/Projects/ApproximateCallGraphAnalysis/ApproximateCallGraphBenchmarks/LiteScript/devel/util/test.js:<335,33>--<335,67>)","Fun(/Library/codeql-home/codeql/javascript/tools/data/externs/nodejs/globals.js:<1942,27>--<1942,47>)"
"Callee(/Users/Alexi/Documents/Projects/ApproximateCallGraphAnalysis/ApproximateCallGraphBenchmarks/LiteScript/devel/util/test.js:<336,1>--<336,21>)","Fun(/Library/codeql-home/codeql/javascript/tools/data/externs/nodejs/globals.js:<1936,27>--<1936,62>)"
"Callee(/Users/Alexi/Documents/Projects/ApproximateCallGraphAnalysis/ApproximateCallGraphBenchmarks/LiteScript/devel/util/test.js:<336,1>--<336,21>)","Fun(/Library/codeql-home/codeql/javascript/tools/data/externs/nodejs/globals.js:<1942,27>--<1942,47>)"
"Callee(/Users/Alexi/Documents/Projects/ApproximateCallGraphAnalysis/ApproximateCallGraphBenchmarks/LiteScript/devel/util/test.js:<337,1>--<337,7>)","Fun(/Users/Alexi/Documents/Projects/ApproximateCallGraphAnalysis/ApproximateCallGraphBenchmarks/LiteScript/devel/util/test.js:<240,1>--<240,76>)"
"Callee(/Users/Alexi/Documents/Projects/ApproximateCallGraphAnalysis/ApproximateCallGraphBenchmarks/LiteScript/devel/util/test.js:<339,19>--<339,33>)","Fun(/Library/codeql-home/codeql/javascript/tools/data/externs/nodejs/globals.js:<888,33>--<888,49>)"
